file,col,URI
KNSR2532_2,0,http://purl.obolibrary.org/obo/CHEBI_33709
KNSR2532_2,1,NIL
KNSR2532_2,2,NIL
KNSR2532_2,3,NIL
KNSR2532_2,4,NIL
KNSR2532_2,5,NIL
KNSR2532_2,6,NIL
KNSR2532_2,7,NIL
KNSR2532_2,8,NIL
KNSR2532_2,9,NIL
KNSR2532_4,0,http://purl.obolibrary.org/obo/PATO_0000033
KNSR2532_4,1,NIL
KNSR2532_4,2,NIL
KNSR2532_4,3,NIL
KNSR2532_5,0,http://purl.obolibrary.org/obo/FOODON_03530221
KNSR2532_5,1,NIL
KNSR2532_5,2,NIL
KNSR2532_5,3,NIL
KNSR2532_5,4,NIL
KNSR2532_5,5,NIL
KNSR2532_5,6,NIL
KNSR2532_5,7,NIL
KNSR2532_5,8,NIL
KNSR2532_5,9,NIL
KNSR2532_5,10,NIL
KNSR2533_1,0,http://purl.obolibrary.org/obo/FOODON_03510115
KNSR2533_1,1,http://purl.obolibrary.org/obo/UO_0000033
KNSR2533_1,2,http://purl.obolibrary.org/obo/UO_0000033
KNSR2533_1,3,http://purl.obolibrary.org/obo/UO_0000033
KNSR2533_1,4,http://purl.obolibrary.org/obo/UO_0000033
KNSR2533_1,5,http://purl.obolibrary.org/obo/UO_0000033
KNSR2533_1,6,http://purl.obolibrary.org/obo/UO_0000033
KNSR2533_1,7,http://purl.obolibrary.org/obo/UO_0000033
KNSR2533_1,8,http://purl.obolibrary.org/obo/UO_0000033
KNSR2533_2,0,http://purl.obolibrary.org/obo/FOODON_03530260
KNSR2533_2,1,http://purl.obolibrary.org/obo/FOODON_03460133
KNSR2533_2,2,NIL
KNSR2533_2,3,http://purl.obolibrary.org/obo/FOODON_00003338
KNSR2534_1,0,http://purl.obolibrary.org/obo/FOODON_03413391
KNSR2534_1,1,http://purl.obolibrary.org/obo/FOODON_03510225
KNSR2534_1,2,http://purl.obolibrary.org/obo/FOODON_00003914
KNSR2534_1,3,NIL
KNSR2534_1,4,http://purl.obolibrary.org/obo/UO_0000196
KNSR2534_1,5,http://purl.obolibrary.org/obo/FOODON_03400326
KNSR2534_1,6,http://purl.obolibrary.org/obo/FOODON_03400744
KNSR2534_1,7,http://purl.obolibrary.org/obo/UO_0000000
KNSR2534_1,8,http://purl.obolibrary.org/obo/UO_0000000
KNSR2534_1,9,http://purl.obolibrary.org/obo/UO_0000000
KNSR2534_2,0,http://purl.obolibrary.org/obo/FOODON_03413391
KNSR2534_2,1,NIL
KNSR2534_2,2,NIL
KNSR2534_2,3,http://purl.obolibrary.org/obo/FOODON_03530195
KNSR2534_2,4,http://purl.obolibrary.org/obo/FOODON_03543195
KNSR2534_2,5,NIL
KNSR2534_2,6,NIL
KNSR2534_2,7,NIL
KNSR2534_2,8,http://purl.obolibrary.org/obo/FOODON_03530195
KNSR2534_2,9,NIL
KNSR2534_2,10,http://purl.obolibrary.org/obo/FOODON_03543195
KNSR2534_3,0,http://purl.obolibrary.org/obo/FOODON_03413391
KNSR2534_3,1,http://purl.obolibrary.org/obo/FOODON_03510225
KNSR2534_3,2,http://purl.obolibrary.org/obo/FOODON_00003914
KNSR2534_3,3,http://purl.obolibrary.org/obo/FOODON_03412539
KNSR2534_3,4,http://purl.obolibrary.org/obo/UO_0000196
KNSR2534_3,5,http://purl.obolibrary.org/obo/FOODON_03400326
KNSR2534_3,6,http://purl.obolibrary.org/obo/UO_0000000
KNSR2534_3,7,http://purl.obolibrary.org/obo/UO_0000000
KNSR2534_3,8,http://purl.obolibrary.org/obo/UO_0000000
KNSR2534_3,9,http://purl.obolibrary.org/obo/UO_0000000
KNSR2534_4,0,http://purl.obolibrary.org/obo/FOODON_03530260
KNSR2534_4,1,http://purl.obolibrary.org/obo/FOODON_03401382
KNSR2534_4,2,http://purl.obolibrary.org/obo/PATO_0001334
KNSR2534_4,3,http://purl.obolibrary.org/obo/FOODON_03400655
KNSR2534_4,4,http://purl.obolibrary.org/obo/FOODON_03530152
KNSR2534_4,5,http://purl.obolibrary.org/obo/UO_0000000
KNSR2534_4,6,http://purl.obolibrary.org/obo/FOODON_03310273
KNSR2534_4,7,http://purl.obolibrary.org/obo/PATO_0001018
KNSR2534_4,8,http://purl.obolibrary.org/obo/UO_1000196
KNSR2534_4,9,http://purl.obolibrary.org/obo/FOODON_00002108
KNSR2534_4,10,http://purl.obolibrary.org/obo/FOODON_03530152
KNSR2534_4,11,http://purl.obolibrary.org/obo/FOODON_03530152
KNSR2535_1,0,http://purl.obolibrary.org/obo/FOODON_03541544
KNSR2535_1,1,http://purl.obolibrary.org/obo/FOODON_03530175
KNSR2535_1,2,http://purl.obolibrary.org/obo/CHEBI_28875
KNSR2535_1,3,http://purl.obolibrary.org/obo/CHEBI_25835
KNSR2535_1,4,http://purl.obolibrary.org/obo/CHEBI_28716
KNSR2535_1,5,http://purl.obolibrary.org/obo/CHEBI_32365
KNSR2535_1,6,NIL
KNSR2535_1,7,http://purl.obolibrary.org/obo/CHEBI_28842
KNSR2535_1,8,http://purl.obolibrary.org/obo/CHEBI_16196
KNSR2535_1,9,http://purl.obolibrary.org/obo/CHEBI_17351
KNSR2535_1,10,http://purl.obolibrary.org/obo/FOODON_03530155
KNSR2535_2,0,http://purl.obolibrary.org/obo/OBI_0200170
KNSR2535_2,1,NIL
KNSR2535_2,2,http://purl.obolibrary.org/obo/CHEBI_28824
KNSR2535_2,3,http://purl.obolibrary.org/obo/FOODON_03400205
KNSR2535_2,4,NIL
KNSR2535_2,5,http://purl.obolibrary.org/obo/FOODON_03530155
KNSR2535_2,6,http://purl.obolibrary.org/obo/FOODON_03530155
KNSR2535_2,7,NIL
KNSR2535_2,8,http://purl.obolibrary.org/obo/CHEBI_166888
KNSR2535_2,9,http://purl.obolibrary.org/obo/CHEBI_26125
KNSR2535_3,0,http://purl.obolibrary.org/obo/OBI_0200170
KNSR2535_3,1,http://purl.obolibrary.org/obo/CHEBI_26607
KNSR2535_3,2,NIL
KNSR2535_3,3,http://purl.obolibrary.org/obo/CHEBI_25413
KNSR2535_3,4,http://purl.obolibrary.org/obo/FOODON_03530199
KNSR2535_3,5,NIL
KNSR2535_3,6,http://purl.obolibrary.org/obo/CHEBI_17359
KNSR2535_3,7,http://purl.obolibrary.org/obo/GAZ_00009159
KNSR2535_3,8,http://purl.obolibrary.org/obo/CDNO_0200168
KNSR2535_4,0,http://purl.obolibrary.org/obo/OBI_0200170
KNSR2535_4,1,http://purl.obolibrary.org/obo/NCBITaxon_1760
KNSR2535_4,2,http://purl.obolibrary.org/obo/CHEBI_26986
KNSR2535_4,3,NIL
KNSR2535_4,4,http://purl.obolibrary.org/obo/CHEBI_27266
KNSR2535_4,5,http://purl.obolibrary.org/obo/CHEBI_16811
KNSR2535_4,6,http://purl.obolibrary.org/obo/CHEBI_24898
KNSR2535_4,7,http://purl.obolibrary.org/obo/CHEBI_25017
KNSR2535_4,8,http://purl.obolibrary.org/obo/CHEBI_28044
KNSR2535_4,9,http://purl.obolibrary.org/obo/CHEBI_25094
KNSR2535_4,10,http://purl.obolibrary.org/obo/CHEBI_27897
KNSR2535_4,11,http://purl.obolibrary.org/obo/CHEBI_27570
KNSR2535_4,12,http://purl.obolibrary.org/obo/FOODON_03543794
KNSR2535_5,0,http://purl.obolibrary.org/obo/OBI_0200170
KNSR2535_5,1,http://purl.obolibrary.org/obo/FOODON_03530155
KNSR2535_5,2,http://purl.obolibrary.org/obo/FOODON_03530155
KNSR2535_5,3,http://purl.obolibrary.org/obo/CHEBI_27013
KNSR2535_5,4,http://purl.obolibrary.org/obo/FOODON_03530155
KNSR2535_5,5,http://purl.obolibrary.org/obo/FOODON_03544485
KNSR2535_5,6,http://purl.obolibrary.org/obo/CHEBI_12777
KNSR2535_5,7,http://purl.obolibrary.org/obo/CHEBI_176783
KNSR2536_1,0,http://purl.obolibrary.org/obo/PATO_0000033
KNSR2536_1,1,http://purl.obolibrary.org/obo/FOODON_03530260
KNSR2536_1,2,http://purl.obolibrary.org/obo/FOODON_03530065
KNSR2536_1,3,http://purl.obolibrary.org/obo/CHEBI_35286
KNSR2536_3,0,http://purl.obolibrary.org/obo/PATO_0000033
KNSR2536_3,1,http://purl.obolibrary.org/obo/FOODON_03543195
KNSR2536_3,2,http://purl.obolibrary.org/obo/FOODON_03413195
KNSR2536_3,3,http://purl.obolibrary.org/obo/FOODON_03530203
KNSR2536_4,0,http://purl.obolibrary.org/obo/PATO_0000033
KNSR2536_4,1,http://purl.obolibrary.org/obo/FOODON_03490204
KNSR2536_4,2,http://purl.obolibrary.org/obo/FOODON_03490204
KNSR2536_4,3,http://purl.obolibrary.org/obo/FOODON_03490204
KNSR2536_4,4,http://purl.obolibrary.org/obo/FOODON_03440003
KNSR2536_4,5,http://purl.obolibrary.org/obo/FOODON_03490204
KNSR2536_4,6,http://purl.obolibrary.org/obo/FOODON_03490204
KNSR2536_4,7,http://purl.obolibrary.org/obo/FOODON_03490204
KNSR2536_4,8,http://purl.obolibrary.org/obo/FOODON_03440003
KNSR2536_4,9,http://purl.obolibrary.org/obo/FOODON_03490204
KNSR2536_4,10,http://purl.obolibrary.org/obo/FOODON_03490204
KNSR2536_4,11,http://purl.obolibrary.org/obo/FOODON_03490204
KNSR2536_4,12,http://purl.obolibrary.org/obo/FOODON_03490204
KNSR2536_4,13,http://purl.obolibrary.org/obo/FOODON_03440003
KNSR2605_12,0,http://purl.obolibrary.org/obo/FOODON_03412972
KNSR2605_12,1,http://purl.obolibrary.org/obo/FOODON_03412972
KNSR2605_12,2,http://purl.obolibrary.org/obo/FOODON_03413097
KNSR2605_12,3,NIL
KNSR2605_12,4,http://purl.obolibrary.org/obo/FOODON_00003304
KNSR2605_12,5,NIL
KNSR2605_12,6,http://purl.obolibrary.org/obo/FOODON_00003304
KNSR2605_12,7,NIL
KNSR2605_12,8,http://purl.obolibrary.org/obo/FOODON_00003304
KNSR2605_12,9,NIL
KNSR2605_12,10,http://purl.obolibrary.org/obo/FOODON_00003304
KNSR2605_2,0,http://purl.obolibrary.org/obo/CDNO_0000013
KNSR2605_2,1,http://purl.obolibrary.org/obo/FOODON_03412972
KNSR2605_2,2,http://purl.obolibrary.org/obo/FOODON_03413097
KNSR2605_2,3,NIL
KNSR2605_2,4,http://purl.obolibrary.org/obo/FOODON_00003304
KNSR2605_2,5,NIL
KNSR2605_2,6,http://purl.obolibrary.org/obo/FOODON_00003304
KNSR2605_2,7,NIL
KNSR2605_2,8,http://purl.obolibrary.org/obo/FOODON_00003304
KNSR2605_2,9,NIL
KNSR2605_2,10,http://purl.obolibrary.org/obo/FOODON_00003304
KNSR2605_3,0,http://purl.obolibrary.org/obo/FOODON_03412972
KNSR2605_3,1,http://purl.obolibrary.org/obo/CHEBI_18145
KNSR2605_3,2,NIL
KNSR2605_3,3,http://purl.obolibrary.org/obo/FOODON_03530066
KNSR2605_3,4,NIL
KNSR2605_3,5,NIL
KNSR2605_3,6,http://purl.obolibrary.org/obo/FOODON_03530066
KNSR2605_3,7,NIL
KNSR2605_3,8,NIL
KNSR2605_3,9,http://purl.obolibrary.org/obo/FOODON_03530066
KNSR2605_3,10,NIL
KNSR2605_3,11,http://purl.obolibrary.org/obo/CHEBI_33234
KNSR2605_3,12,NIL
KNSR2605_4,0,http://purl.obolibrary.org/obo/FOODON_03412972
KNSR2605_4,1,http://purl.obolibrary.org/obo/CHEBI_18145
KNSR2605_4,2,NIL
KNSR2605_4,3,http://purl.obolibrary.org/obo/CHEBI_18145
KNSR2605_4,4,http://purl.obolibrary.org/obo/CHEBI_18145
KNSR2605_4,5,NIL
KNSR2605_4,6,http://purl.obolibrary.org/obo/CHEBI_18145
KNSR2605_4,7,NIL
KNSR2605_4,8,http://purl.obolibrary.org/obo/CHEBI_18145
KNSR2605_4,9,NIL
KNSR2605_5,0,http://purl.obolibrary.org/obo/FOODON_03530221
KNSR2605_5,1,http://purl.obolibrary.org/obo/FOODON_03530066
KNSR2605_5,2,NIL
KNSR2605_5,3,http://purl.obolibrary.org/obo/FOODON_03530066
KNSR2605_5,4,NIL
KNSR2605_5,5,NIL
KNSR2605_5,6,http://purl.obolibrary.org/obo/FOODON_03530066
KNSR2605_5,7,NIL
KNSR2605_5,8,NIL
KNSR2605_5,9,NIL
KNSR2605_5,10,http://purl.obolibrary.org/obo/FOODON_03530066
KNSR2605_5,11,NIL
KNSR2605_5,12,NIL
KNSR2605_5,13,http://purl.obolibrary.org/obo/FOODON_03530066
KNSR2605_5,14,NIL
KNSR2605_6,0,http://purl.obolibrary.org/obo/FOODON_03530221
KNSR2605_6,1,http://purl.obolibrary.org/obo/CHEBI_18145
KNSR2605_6,2,NIL
KNSR2605_6,3,http://purl.obolibrary.org/obo/FOODON_03530066
KNSR2605_6,4,NIL
KNSR2605_6,5,NIL
KNSR2605_6,6,http://purl.obolibrary.org/obo/FOODON_03530066
KNSR2605_6,7,http://purl.obolibrary.org/obo/FOODON_03530066
KNSR2605_6,8,NIL
KNSR2605_6,9,NIL
KNSR2605_6,10,http://purl.obolibrary.org/obo/FOODON_03530066
KNSR2605_6,11,NIL
KNSR2605_6,12,NIL
KNSR2605_6,13,http://purl.obolibrary.org/obo/CHEBI_33234
KNSR2605_6,14,NIL
KNSR2605_7,0,http://purl.obolibrary.org/obo/FOODON_03412972
KNSR2605_7,1,http://purl.obolibrary.org/obo/FOODON_03530066
KNSR2605_7,2,NIL
KNSR2605_7,3,http://purl.obolibrary.org/obo/FOODON_03530066
KNSR2605_7,4,NIL
KNSR2605_7,5,http://purl.obolibrary.org/obo/FOODON_03530066
KNSR2605_7,6,NIL
KNSR2605_7,7,http://purl.obolibrary.org/obo/FOODON_03530066
KNSR2605_7,8,NIL
KNSR2605_7,9,http://purl.obolibrary.org/obo/FOODON_03530066
KNSR2605_7,10,NIL
KNSR2605_8,0,http://purl.obolibrary.org/obo/FOODON_03412972
KNSR2605_8,1,http://purl.obolibrary.org/obo/CHEBI_18145
KNSR2605_8,2,NIL
KNSR2605_8,3,http://purl.obolibrary.org/obo/FOODON_03530066
KNSR2605_8,4,NIL
KNSR2605_8,5,NIL
KNSR2605_8,6,http://purl.obolibrary.org/obo/FOODON_03530066
KNSR2605_8,7,NIL
KNSR2605_8,8,NIL
KNSR2605_8,9,http://purl.obolibrary.org/obo/FOODON_03530066
KNSR2605_8,10,http://purl.obolibrary.org/obo/FOODON_03530066
KNSR2605_8,11,NIL
KNSR2605_8,12,http://purl.obolibrary.org/obo/CHEBI_33234
KNSR2605_8,13,NIL
KNSR2605_9,0,http://purl.obolibrary.org/obo/FOODON_03412972
KNSR2605_9,1,http://purl.obolibrary.org/obo/CHEBI_18145
KNSR2605_9,2,NIL
KNSR2605_9,3,http://purl.obolibrary.org/obo/FOODON_03530066
KNSR2605_9,4,http://purl.obolibrary.org/obo/FOODON_03530066
KNSR2605_9,5,NIL
KNSR2605_9,6,NIL
KNSR2605_9,7,http://purl.obolibrary.org/obo/FOODON_03530066
KNSR2605_9,8,NIL
KNSR2605_9,9,NIL
KNSR2605_9,10,http://purl.obolibrary.org/obo/FOODON_03530066
KNSR2605_9,11,http://purl.obolibrary.org/obo/FOODON_03530066
KNSR2605_9,12,NIL
KNSR2605_9,13,http://purl.obolibrary.org/obo/CHEBI_33234
KNSR2605_9,14,NIL
KNSR2607_1,0,http://purl.obolibrary.org/obo/IAO_0000100
KNSR2607_1,1,http://purl.obolibrary.org/obo/FOODON_03315721
KNSR2607_1,2,http://purl.obolibrary.org/obo/FOODON_00002026
KNSR2607_1,3,http://purl.obolibrary.org/obo/NCBITaxon_26867
KNSR2607_1,4,http://purl.obolibrary.org/obo/FOODON_03400351
KNSR2607_2,0,http://purl.obolibrary.org/obo/FOODON_00002753
KNSR2607_2,1,NIL
KNSR2607_2,2,NIL
KNSR2607_2,3,NIL
KNSR2607_2,4,NIL
KNSR2607_3,0,http://purl.obolibrary.org/obo/FOODON_00002753
KNSR2607_3,1,http://purl.obolibrary.org/obo/FOODON_00003339
KNSR2607_3,2,http://purl.obolibrary.org/obo/FOODON_00002551
KNSR2607_3,3,http://purl.obolibrary.org/obo/CHEBI_35286
KNSR2607_3,4,NIL
KNSR2607_3,5,NIL
KNSR2607_3,6,NIL
KNSR2607_3,7,NIL
KNSR2607_4,0,http://purl.obolibrary.org/obo/NCBITaxon_3620
KNSR2607_4,1,NIL
KNSR2607_4,2,NIL
KNSR2607_4,3,NIL
KNSR2607_4,4,NIL
KNSR2607_4,5,http://purl.obolibrary.org/obo/FOODON_03317564
KNSR2607_5,0,http://purl.obolibrary.org/obo/CHEBI_22470
KNSR2607_5,1,http://purl.obolibrary.org/obo/FOODON_00003339
KNSR2607_5,2,http://purl.obolibrary.org/obo/FOODON_00002551
KNSR2607_5,3,NIL
KNSR2607_5,4,NIL
KNSR2607_5,5,NIL
KNSR2607_5,6,NIL
KNSR2607_5,7,NIL
KNSR2607_5,8,http://purl.obolibrary.org/obo/FOODON_03317564
KNSR2609_1,0,http://purl.obolibrary.org/obo/FOODON_03301036
KNSR2609_1,1,http://purl.obolibrary.org/obo/PATO_0000033
KNSR2609_1,2,http://purl.obolibrary.org/obo/NCIT_C25464
KNSR2609_1,3,http://purl.obolibrary.org/obo/FOODON_03302330
KNSR2609_1,4,http://purl.obolibrary.org/obo/CHEBI_27732
KNSR2609_2,0,http://purl.obolibrary.org/obo/FOODON_03301036
KNSR2609_2,1,http://purl.obolibrary.org/obo/PATO_0000033
KNSR2609_2,2,http://purl.obolibrary.org/obo/FOODON_03302330
KNSR2609_2,3,http://purl.obolibrary.org/obo/FOODON_03400326
KNSR2609_2,4,http://purl.obolibrary.org/obo/NCBITaxon_4558
KNSR2609_2,5,NIL
KNSR2609_3,0,http://purl.obolibrary.org/obo/FOODON_03412972
KNSR2609_3,1,http://purl.obolibrary.org/obo/FOODON_00003304
KNSR2609_3,2,http://purl.obolibrary.org/obo/FOODON_00003844
KNSR2609_3,3,http://purl.obolibrary.org/obo/FOODON_03530259
KNSR2609_3,4,NIL
KNSR2609_3,5,http://purl.obolibrary.org/obo/ENVO_00002000
KNSR2609_3,6,http://purl.obolibrary.org/obo/FOODON_03530231
KNSR2609_3,7,NIL
KNSR2609_3,8,NIL
KNSR2595_2,0,http://purl.obolibrary.org/obo/PATO_0000033
KNSR2595_2,1,http://purl.obolibrary.org/obo/FOODON_03530152
KNSR2595_2,2,http://purl.obolibrary.org/obo/FOODON_03450010
KNSR2595_2,3,http://purl.obolibrary.org/obo/FOODON_03450010
KNSR2595_2,4,http://purl.obolibrary.org/obo/FOODON_03450010
KNSR2595_3,0,http://purl.obolibrary.org/obo/PATO_0000033
KNSR2595_3,1,http://purl.obolibrary.org/obo/FOODON_03530152
KNSR2595_3,2,http://purl.obolibrary.org/obo/UO_0000036
KNSR2595_3,3,http://purl.obolibrary.org/obo/UO_0000036
KNSR2595_3,4,http://purl.obolibrary.org/obo/UO_0000036
KNSR2595_3,5,http://purl.obolibrary.org/obo/UO_1000036
KNSR2595_3,6,http://purl.obolibrary.org/obo/UO_0000036
KNSR2597_1,0,http://purl.obolibrary.org/obo/PATO_0000033
KNSR2597_1,1,http://purl.obolibrary.org/obo/PO_0025336
KNSR2597_1,2,http://purl.obolibrary.org/obo/FOODON_03470182
KNSR2597_1,3,http://purl.obolibrary.org/obo/FOODON_03316753
KNSR2597_1,4,http://purl.obolibrary.org/obo/FOODON_03301387
KNSR2597_2,0,http://purl.obolibrary.org/obo/PATO_0000033
KNSR2597_2,1,http://purl.obolibrary.org/obo/FOODON_00001013
KNSR2597_2,2,http://purl.obolibrary.org/obo/CHEBI_35286
KNSR2597_2,3,http://purl.obolibrary.org/obo/FOODON_03490366
KNSR2597_2,4,http://purl.obolibrary.org/obo/FOODON_03400740
KNSR2597_2,5,http://purl.obolibrary.org/obo/FOODON_03400740
KNSR2597_3,0,http://purl.obolibrary.org/obo/PATO_0000033
KNSR2597_3,1,http://purl.obolibrary.org/obo/FOODON_00003843
KNSR2597_3,2,NIL
KNSR2597_3,3,NIL
KNSR2598_1,0,http://purl.obolibrary.org/obo/CHEBI_22798
KNSR2598_1,1,http://purl.obolibrary.org/obo/NCBITaxon_323852
KNSR2598_1,2,http://purl.obolibrary.org/obo/FOODON_03400699
KNSR2598_1,3,http://purl.obolibrary.org/obo/FOODON_03400699
KNSR2598_1,4,http://purl.obolibrary.org/obo/FOODON_03400699
KNSR2598_1,5,http://purl.obolibrary.org/obo/FOODON_03400713
KNSR2598_1,6,http://purl.obolibrary.org/obo/FOODON_03530175
KNSR2598_2,0,http://purl.obolibrary.org/obo/NCBITaxon_323852
KNSR2598_2,1,http://purl.obolibrary.org/obo/FOODON_00003042
KNSR2598_2,2,http://purl.obolibrary.org/obo/FOODON_03400699
KNSR2598_2,3,http://purl.obolibrary.org/obo/FOODON_03400699
KNSR2598_2,4,http://purl.obolibrary.org/obo/FOODON_03400699
KNSR2598_2,5,http://purl.obolibrary.org/obo/FOODON_03400699
KNSR2598_2,6,http://purl.obolibrary.org/obo/FOODON_03400699
KNSR2598_3,0,http://purl.obolibrary.org/obo/FOODON_00003042
KNSR2598_3,1,http://purl.obolibrary.org/obo/NCBITaxon_323852
KNSR2598_3,2,http://purl.obolibrary.org/obo/FOODON_03400699
KNSR2598_3,3,http://purl.obolibrary.org/obo/FOODON_03400699
KNSR2598_3,4,http://purl.obolibrary.org/obo/FOODON_03400699
KNSR2598_3,5,http://purl.obolibrary.org/obo/FOODON_03400713
KNSR2598_3,6,http://purl.obolibrary.org/obo/FOODON_03530175
KNSR2599_1,0,http://purl.obolibrary.org/obo/CDNO_0000001
KNSR2599_1,1,http://purl.obolibrary.org/obo/FOODON_03315721
KNSR2599_1,2,http://purl.obolibrary.org/obo/FOODON_03315721
KNSR2599_1,3,NIL
KNSR2599_1,4,NIL
KNSR2599_2,0,http://purl.obolibrary.org/obo/FOODON_03400690
KNSR2599_2,1,NIL
KNSR2599_2,2,NIL
KNSR2599_2,3,NIL
KNSR2599_2,4,http://purl.obolibrary.org/obo/PO_0025297
KNSR2599_2,5,http://purl.obolibrary.org/obo/FOODON_03400772
KNSR2601_3,0,http://purl.obolibrary.org/obo/FOODON_00002148
KNSR2601_3,1,http://purl.obolibrary.org/obo/CHEBI_33709
KNSR2601_3,2,http://purl.obolibrary.org/obo/CHEBI_33709
KNSR2601_3,3,http://purl.obolibrary.org/obo/CHEBI_33709
KNSR2601_3,4,NIL
KNSR2602_1,0,http://purl.obolibrary.org/obo/FOODON_03510266
KNSR2602_1,1,http://purl.obolibrary.org/obo/FOODON_00002386
KNSR2602_1,2,http://purl.obolibrary.org/obo/BFO_0000003
KNSR2602_1,3,http://purl.obolibrary.org/obo/FOODON_03315013
KNSR2602_1,4,http://purl.obolibrary.org/obo/FOODON_03315615
KNSR2602_1,5,http://purl.obolibrary.org/obo/FOODON_03315013
KNSR2602_4,0,http://purl.obolibrary.org/obo/FOODON_03510266
KNSR2602_4,1,http://purl.obolibrary.org/obo/FOODON_00001212
KNSR2602_4,2,http://purl.obolibrary.org/obo/FOODON_03316468
KNSR2602_4,3,http://purl.obolibrary.org/obo/FOODON_03412539
KNSR2602_4,4,http://purl.obolibrary.org/obo/FOODON_00001887
KNSR2602_4,5,http://purl.obolibrary.org/obo/FOODON_03305372
KNSR2602_4,6,http://purl.obolibrary.org/obo/FOODON_00003997
KNSR2603_1,0,http://purl.obolibrary.org/obo/FOODON_03414176
KNSR2603_1,1,http://purl.obolibrary.org/obo/PATO_0001711
KNSR2603_1,2,http://purl.obolibrary.org/obo/OBI_0200079
KNSR2603_1,3,http://purl.obolibrary.org/obo/FOODON_03544005
KNSR2603_2,0,http://purl.obolibrary.org/obo/FOODON_03411021
KNSR2603_2,1,http://purl.obolibrary.org/obo/FOODON_03530165
KNSR2603_2,2,http://purl.obolibrary.org/obo/FOODON_03530152
KNSR2605_1,0,http://purl.obolibrary.org/obo/FOODON_03412972
KNSR2605_1,1,http://purl.obolibrary.org/obo/FOODON_03530066
KNSR2605_1,2,NIL
KNSR2605_1,3,http://purl.obolibrary.org/obo/FOODON_03530066
KNSR2605_1,4,NIL
KNSR2605_1,5,NIL
KNSR2605_1,6,http://purl.obolibrary.org/obo/FOODON_03530066
KNSR2605_1,7,NIL
KNSR2605_1,8,NIL
KNSR2605_1,9,NIL
KNSR2605_1,10,http://purl.obolibrary.org/obo/FOODON_03530066
KNSR2605_1,11,NIL
KNSR2605_1,12,http://purl.obolibrary.org/obo/FOODON_03530066
KNSR2605_1,13,NIL
KNSR2605_10,0,http://purl.obolibrary.org/obo/FOODON_03412972
KNSR2605_10,1,http://purl.obolibrary.org/obo/FOODON_03412972
KNSR2605_10,2,http://purl.obolibrary.org/obo/CHEBI_18145
KNSR2605_10,3,NIL
KNSR2605_10,4,http://purl.obolibrary.org/obo/CHEBI_18145
KNSR2605_10,5,http://purl.obolibrary.org/obo/CHEBI_18145
KNSR2605_10,6,NIL
KNSR2605_10,7,http://purl.obolibrary.org/obo/CHEBI_18145
KNSR2605_10,8,NIL
KNSR2605_10,9,http://purl.obolibrary.org/obo/CHEBI_18145
KNSR2605_10,10,NIL
KNSR2566_2,0,http://purl.obolibrary.org/obo/FOODON_00002502
KNSR2566_2,1,http://purl.obolibrary.org/obo/FOODON_00001814
KNSR2566_2,2,http://purl.obolibrary.org/obo/FOODON_03530251
KNSR2566_2,3,http://purl.obolibrary.org/obo/FOODON_03303640
KNSR2566_2,4,NIL
KNSR2566_2,5,NIL
KNSR2566_3,0,http://purl.obolibrary.org/obo/FOODON_00001041
KNSR2566_3,1,http://purl.obolibrary.org/obo/FOODON_00001814
KNSR2566_3,2,http://purl.obolibrary.org/obo/FOODON_03530251
KNSR2566_3,3,http://purl.obolibrary.org/obo/FOODON_03303640
KNSR2566_3,4,NIL
KNSR2566_3,5,NIL
KNSR2566_4,0,http://purl.obolibrary.org/obo/FOODON_00002297
KNSR2566_4,1,http://purl.obolibrary.org/obo/UO_0010047
KNSR2566_4,2,http://purl.obolibrary.org/obo/FOODON_00002297
KNSR2566_4,3,http://purl.obolibrary.org/obo/FOODON_00002297
KNSR2566_4,4,http://purl.obolibrary.org/obo/FOODON_03460777
KNSR2567_1,0,http://purl.obolibrary.org/obo/PATO_0000033
KNSR2567_1,1,http://purl.obolibrary.org/obo/FOODON_03540881
KNSR2567_1,2,http://purl.obolibrary.org/obo/FOODON_03530229
KNSR2567_1,3,http://purl.obolibrary.org/obo/FOODON_03510225
KNSR2567_1,4,http://purl.obolibrary.org/obo/PATO_0000033
KNSR2567_1,5,http://purl.obolibrary.org/obo/FOODON_03540881
KNSR2567_1,6,http://purl.obolibrary.org/obo/FOODON_03530229
KNSR2567_1,7,http://purl.obolibrary.org/obo/FOODON_03413232
KNSR2567_2,0,http://purl.obolibrary.org/obo/PATO_0000033
KNSR2567_2,1,http://purl.obolibrary.org/obo/PO_0025496
KNSR2567_2,2,http://purl.obolibrary.org/obo/FOODON_03310160
KNSR2567_2,3,http://purl.obolibrary.org/obo/FOODON_03530120
KNSR2567_2,4,NIL
KNSR2567_2,5,http://purl.obolibrary.org/obo/FOODON_00003465
KNSR2567_2,6,http://purl.obolibrary.org/obo/ONS_1000057
KNSR2567_3,0,http://purl.obolibrary.org/obo/PATO_0000033
KNSR2567_3,1,http://purl.obolibrary.org/obo/FOODON_03460133
KNSR2567_3,2,http://purl.obolibrary.org/obo/FOODON_03401298
KNSR2567_3,3,NIL
KNSR2567_4,0,http://purl.obolibrary.org/obo/FOODON_00003528
KNSR2567_4,1,http://purl.obolibrary.org/obo/FOODON_03510020
KNSR2567_4,2,NIL
KNSR2567_4,3,http://purl.obolibrary.org/obo/FOODON_00003528
KNSR2567_4,4,NIL
KNSR2567_4,5,NIL
KNSR2568_1,0,http://purl.obolibrary.org/obo/FOODON_00001703
KNSR2568_1,1,http://purl.obolibrary.org/obo/CHEBI_28757
KNSR2568_1,2,http://purl.obolibrary.org/obo/CHEBI_17234
KNSR2568_1,3,http://purl.obolibrary.org/obo/CHEBI_17992
KNSR2568_1,4,http://purl.obolibrary.org/obo/CHEBI_6650
KNSR2568_1,5,http://purl.obolibrary.org/obo/CHEBI_30769
KNSR2568_2,0,http://purl.obolibrary.org/obo/FOODON_00002069
KNSR2568_2,1,http://purl.obolibrary.org/obo/CHEBI_90852
KNSR2568_2,2,http://purl.obolibrary.org/obo/CDNO_0000001
KNSR2568_2,3,http://purl.obolibrary.org/obo/CHEBI_28757
KNSR2568_2,4,http://purl.obolibrary.org/obo/CHEBI_17234
KNSR2568_2,5,http://purl.obolibrary.org/obo/CHEBI_17992
KNSR2568_2,6,http://purl.obolibrary.org/obo/CHEBI_6650
KNSR2568_2,7,http://purl.obolibrary.org/obo/CHEBI_30769
KNSR2568_2,8,http://purl.obolibrary.org/obo/FOODON_03530259
KNSR2568_2,9,http://purl.obolibrary.org/obo/FOODON_03530259
KNSR2568_3,0,http://purl.obolibrary.org/obo/FOODON_03412972
KNSR2568_3,1,http://purl.obolibrary.org/obo/ENVO_00000027
KNSR2568_3,2,http://purl.obolibrary.org/obo/FOODON_03414539
KNSR2568_3,3,http://purl.obolibrary.org/obo/PECO_0007038
KNSR2568_4,0,http://purl.obolibrary.org/obo/CDNO_0000004
KNSR2568_4,1,http://purl.obolibrary.org/obo/ENVO_00002006
KNSR2568_4,2,http://purl.obolibrary.org/obo/ENVO_00002006
KNSR2568_4,3,http://purl.obolibrary.org/obo/ENVO_00002011
KNSR2568_5,0,http://purl.obolibrary.org/obo/CDNO_0000004
KNSR2568_5,1,NIL
KNSR2568_5,2,http://purl.obolibrary.org/obo/ENVO_00002006
KNSR2568_5,3,http://purl.obolibrary.org/obo/ENVO_00002006
KNSR2569_1,0,http://purl.obolibrary.org/obo/CHEBI_38695
KNSR2569_1,1,http://purl.obolibrary.org/obo/CHEBI_38695
KNSR2569_1,2,http://purl.obolibrary.org/obo/FOODON_03302190
KNSR2569_1,3,http://purl.obolibrary.org/obo/FOODON_03543195
KNSR2569_1,4,http://purl.obolibrary.org/obo/FOODON_03530007
KNSR2569_2,0,http://purl.obolibrary.org/obo/CHEBI_26848
KNSR2569_2,1,http://purl.obolibrary.org/obo/PATO_0000033
KNSR2569_2,2,http://purl.obolibrary.org/obo/CHEBI_23053
KNSR2569_2,3,http://purl.obolibrary.org/obo/PATO_0000125
KNSR2569_2,4,http://purl.obolibrary.org/obo/FOODON_03543195
KNSR2569_2,5,http://purl.obolibrary.org/obo/FOODON_03315483
KNSR2569_2,6,http://purl.obolibrary.org/obo/FOODON_03530260
KNSR2569_2,7,http://purl.obolibrary.org/obo/FOODON_03530007
KNSR2570_2,0,http://purl.obolibrary.org/obo/NCIT_C25464
KNSR2570_2,1,http://purl.obolibrary.org/obo/FOODON_03412972
KNSR2570_2,2,http://purl.obolibrary.org/obo/FOODON_03530260
KNSR2570_2,3,http://purl.obolibrary.org/obo/FOODON_03530221
KNSR2570_2,4,http://purl.obolibrary.org/obo/IAO_0000030
KNSR2570_2,5,http://purl.obolibrary.org/obo/FOODON_03544518
KNSR2570_2,6,http://purl.obolibrary.org/obo/FOODON_03544518
KNSR2570_2,7,NIL
KNSR2570_2,8,NIL
KNSR2570_2,9,NIL
KNSR2570_4,0,http://purl.obolibrary.org/obo/CHEBI_33709
KNSR2570_4,1,http://purl.obolibrary.org/obo/FOODON_00004072
KNSR2570_4,2,NIL
KNSR2570_4,3,NIL
KNSR2570_5,0,http://purl.obolibrary.org/obo/FOODON_00002320
KNSR2570_5,1,http://purl.obolibrary.org/obo/FOODON_03540025
KNSR2570_5,2,http://purl.obolibrary.org/obo/FOODON_03401298
KNSR2570_5,3,NIL
KNSR2570_5,4,NIL
KNSR2570_8,0,http://purl.obolibrary.org/obo/FOODON_03401067
KNSR2570_8,1,http://purl.obolibrary.org/obo/NCIT_C25464
KNSR2570_8,2,http://purl.obolibrary.org/obo/FOODON_03414176
KNSR2570_8,3,http://purl.obolibrary.org/obo/FOODON_03530260
KNSR2570_8,4,http://purl.obolibrary.org/obo/FOODON_03400740
KNSR2570_8,5,NIL
KNSR2570_8,6,http://purl.obolibrary.org/obo/FOODON_03400742
KNSR2570_8,7,http://purl.obolibrary.org/obo/FOODON_03400659
KNSR2572_1,0,http://purl.obolibrary.org/obo/FOODON_00002152
KNSR2572_1,1,http://purl.obolibrary.org/obo/FOODON_03542672
KNSR2572_1,2,http://purl.obolibrary.org/obo/FOODON_03530195
KNSR2572_1,3,http://purl.obolibrary.org/obo/FOODON_03530195
KNSR2572_1,4,http://purl.obolibrary.org/obo/ONS_1000049
KNSR2572_2,0,http://purl.obolibrary.org/obo/FOODON_00003430
KNSR2572_2,1,http://purl.obolibrary.org/obo/FOODON_03542672
KNSR2572_2,2,http://purl.obolibrary.org/obo/CDNO_0000002
KNSR2572_2,3,http://purl.obolibrary.org/obo/CDNO_0000002
KNSR2572_2,4,http://purl.obolibrary.org/obo/FOODON_03530195
KNSR2572_2,5,http://purl.obolibrary.org/obo/FOODON_03530195
KNSR2572_3,0,http://purl.obolibrary.org/obo/FOODON_03460253
KNSR2572_3,1,http://purl.obolibrary.org/obo/ONS_1000060
KNSR2572_3,2,http://purl.obolibrary.org/obo/GAZ_00002946
KNSR2572_3,3,http://purl.obolibrary.org/obo/FOODON_03315815
KNSR2572_3,4,http://purl.obolibrary.org/obo/ONS_1000060
KNSR2572_3,5,http://purl.obolibrary.org/obo/ONS_1000060
KNSR2572_3,6,http://purl.obolibrary.org/obo/UBERON_0001913
KNSR2572_3,7,http://purl.obolibrary.org/obo/FOODON_03401294
KNSR2572_3,8,http://purl.obolibrary.org/obo/FOODON_03543159
KNSR2536_5,0,http://purl.obolibrary.org/obo/PATO_0000033
KNSR2536_5,1,http://purl.obolibrary.org/obo/FOODON_03543195
KNSR2536_5,2,NIL
KNSR2536_5,3,http://purl.obolibrary.org/obo/FOODON_03530203
KNSR2545_1,0,http://purl.obolibrary.org/obo/FOODON_03400876
KNSR2545_1,1,http://purl.obolibrary.org/obo/IAO_0000032
KNSR2545_1,2,NIL
KNSR2545_1,3,NIL
KNSR2545_1,4,NIL
KNSR2545_1,5,NIL
KNSR2545_1,6,NIL
KNSR2545_1,7,NIL
KNSR2545_1,8,NIL
KNSR2545_1,9,NIL
KNSR2553_3,0,http://purl.obolibrary.org/obo/FOODON_03412972
KNSR2553_3,1,NIL
KNSR2553_3,2,NIL
KNSR2553_3,3,NIL
KNSR2553_3,4,NIL
KNSR2553_3,5,http://purl.obolibrary.org/obo/GAZ_00059206
KNSR2553_3,6,NIL
KNSR2553_3,7,NIL
KNSR2566_1,0,http://purl.obolibrary.org/obo/FOODON_03301054
KNSR2566_1,1,http://purl.obolibrary.org/obo/FOODON_03301054
KNSR2566_1,2,http://purl.obolibrary.org/obo/FOODON_00001814
KNSR2566_1,3,http://purl.obolibrary.org/obo/FOODON_03530251
KNSR2566_1,4,http://purl.obolibrary.org/obo/GAZ_00001102
KNSR2566_1,5,NIL
KNSR2566_1,6,NIL
KNSR2572_4,0,http://purl.obolibrary.org/obo/FOODON_00002152
KNSR2572_4,1,http://purl.obolibrary.org/obo/FOODON_03542672
KNSR2572_4,2,http://purl.obolibrary.org/obo/FOODON_03412539
KNSR2572_4,3,http://purl.obolibrary.org/obo/CHEBI_67016
KNSR2582_2,0,http://purl.obolibrary.org/obo/FOODON_03411338
KNSR2582_2,1,http://purl.obolibrary.org/obo/ENVO_00000037
KNSR2582_2,2,http://purl.obolibrary.org/obo/CHEBI_90852
KNSR2582_2,3,http://purl.obolibrary.org/obo/FOODON_03301116
KNSR2582_2,4,http://purl.obolibrary.org/obo/FOODON_03400643
KNSR2582_2,5,http://purl.obolibrary.org/obo/FOODON_03400643
KNSR2582_2,6,http://purl.obolibrary.org/obo/FOODON_03400661
KNSR2582_2,7,http://purl.obolibrary.org/obo/FOODON_03530065
KNSR2582_2,8,http://purl.obolibrary.org/obo/FOODON_03530065
KNSR2582_2,9,http://purl.obolibrary.org/obo/FOODON_03400643
KNSR2589_2,0,http://purl.obolibrary.org/obo/FOODON_00003926
KNSR2589_2,1,http://purl.obolibrary.org/obo/CHEBI_27632
KNSR2589_2,2,http://purl.obolibrary.org/obo/CHEBI_27632
KNSR2589_2,3,NIL
KNSR2589_2,4,http://purl.obolibrary.org/obo/CHEBI_15674
KNSR2595_1,0,http://purl.obolibrary.org/obo/PATO_0000033
KNSR2595_1,1,http://purl.obolibrary.org/obo/FOODON_03530152
KNSR2595_1,2,http://purl.obolibrary.org/obo/FOODON_03411022
KNSR2595_1,3,http://purl.obolibrary.org/obo/FOODON_03411715
KNSR2595_1,4,http://purl.obolibrary.org/obo/FOODON_03302963
KNSR2605_11,0,http://purl.obolibrary.org/obo/FOODON_03412972
KNSR2605_11,1,http://purl.obolibrary.org/obo/FOODON_03530066
KNSR2605_11,2,NIL
KNSR2605_11,3,http://purl.obolibrary.org/obo/FOODON_03530066
KNSR2605_11,4,NIL
KNSR2605_11,5,http://purl.obolibrary.org/obo/FOODON_03530066
KNSR2605_11,6,NIL
KNSR2605_11,7,NIL
KNSR2605_11,8,http://purl.obolibrary.org/obo/FOODON_03530066
KNSR2605_11,9,NIL
KNSR2605_11,10,http://purl.obolibrary.org/obo/FOODON_03530066
KNSR2605_11,11,NIL
KNSR2582_3,0,http://purl.obolibrary.org/obo/FOODON_03412972
KNSR2582_3,1,http://purl.obolibrary.org/obo/FOODON_03310387
KNSR2582_3,2,http://purl.obolibrary.org/obo/FOODON_03530152
KNSR2582_3,3,http://purl.obolibrary.org/obo/FOODON_03412972
KNSR2582_3,4,http://purl.obolibrary.org/obo/CHEBI_25413
KNSR2582_3,5,http://purl.obolibrary.org/obo/CHEBI_36009
KNSR2583_1,0,http://purl.obolibrary.org/obo/FOODON_03315721
KNSR2583_1,1,http://purl.obolibrary.org/obo/FOODON_03301054
KNSR2583_1,2,http://purl.obolibrary.org/obo/FOODON_03400435
KNSR2583_1,3,http://purl.obolibrary.org/obo/FOODON_03412972
KNSR2583_1,4,http://purl.obolibrary.org/obo/FOODON_03401270
KNSR2583_1,5,NIL
KNSR2583_1,6,http://purl.obolibrary.org/obo/FOODON_03412922
KNSR2583_1,7,NIL
KNSR2583_1,8,http://purl.obolibrary.org/obo/FOODON_03412972
KNSR2583_10,0,http://purl.obolibrary.org/obo/CDNO_0200146
KNSR2583_10,1,http://purl.obolibrary.org/obo/OBI_0200079
KNSR2583_10,2,http://purl.obolibrary.org/obo/OBI_0200079
KNSR2583_10,3,http://purl.obolibrary.org/obo/FOODON_03543794
KNSR2583_10,4,NIL
KNSR2583_10,5,http://purl.obolibrary.org/obo/FOODON_03530156
KNSR2583_10,6,NIL
KNSR2583_11,0,http://purl.obolibrary.org/obo/CDNO_0200146
KNSR2583_11,1,http://purl.obolibrary.org/obo/FOODON_00003923
KNSR2583_11,2,http://purl.obolibrary.org/obo/FOODON_03540154
KNSR2583_11,3,http://purl.obolibrary.org/obo/FOODON_03301119
KNSR2583_11,4,http://purl.obolibrary.org/obo/FOODON_00002214
KNSR2583_11,5,http://purl.obolibrary.org/obo/FOODON_03301055
KNSR2583_11,6,http://purl.obolibrary.org/obo/FOODON_03301695
KNSR2583_11,7,http://purl.obolibrary.org/obo/FOODON_03601007
KNSR2583_2,0,http://purl.obolibrary.org/obo/CDNO_0200146
KNSR2583_2,1,NIL
KNSR2583_2,2,http://purl.obolibrary.org/obo/OBI_0200079
KNSR2583_2,3,http://purl.obolibrary.org/obo/FOODON_03490366
KNSR2583_2,4,http://purl.obolibrary.org/obo/CHEBI_35286
KNSR2583_2,5,http://purl.obolibrary.org/obo/FOODON_03510225
KNSR2583_2,6,http://purl.obolibrary.org/obo/FOODON_03510225
KNSR2583_3,0,http://purl.obolibrary.org/obo/FOODON_03400351
KNSR2583_3,1,http://purl.obolibrary.org/obo/FOODON_03530012
KNSR2583_3,2,http://purl.obolibrary.org/obo/NCBITaxon_320146
KNSR2583_4,0,http://purl.obolibrary.org/obo/FOODON_03315721
KNSR2583_4,1,http://purl.obolibrary.org/obo/FOODON_03530152
KNSR2583_4,2,http://purl.obolibrary.org/obo/FOODON_03400351
KNSR2583_4,3,http://purl.obolibrary.org/obo/FOODON_00001210
KNSR2583_5,0,http://purl.obolibrary.org/obo/CHEBI_22470
KNSR2583_5,1,http://purl.obolibrary.org/obo/FOODON_03401183
KNSR2583_5,2,http://purl.obolibrary.org/obo/FOODON_00003446
KNSR2583_6,0,http://purl.obolibrary.org/obo/FOODON_03315721
KNSR2583_6,1,NIL
KNSR2583_6,2,http://purl.obolibrary.org/obo/FOODON_03400753
KNSR2583_6,3,http://purl.obolibrary.org/obo/CDNO_0200152
KNSR2583_6,4,http://purl.obolibrary.org/obo/FOODON_03412972
KNSR2583_6,5,http://purl.obolibrary.org/obo/FOODON_03544518
KNSR2583_6,6,http://purl.obolibrary.org/obo/HANCESTRO_0483
KNSR2583_6,7,http://purl.obolibrary.org/obo/CDNO_0200154
KNSR2583_6,8,http://purl.obolibrary.org/obo/FOODON_03510266
KNSR2583_6,9,http://purl.obolibrary.org/obo/CDNO_0200151
KNSR2583_6,10,http://purl.obolibrary.org/obo/CDNO_0200161
KNSR2583_6,11,http://purl.obolibrary.org/obo/CDNO_0200158
KNSR2583_9,0,http://purl.obolibrary.org/obo/CDNO_0200146
KNSR2583_9,1,http://purl.obolibrary.org/obo/FOODON_03412972
KNSR2583_9,2,http://purl.obolibrary.org/obo/FOODON_03400753
KNSR2583_9,3,http://purl.obolibrary.org/obo/CDNO_0200152
KNSR2583_9,4,http://purl.obolibrary.org/obo/CDNO_0200160
KNSR2583_9,5,http://purl.obolibrary.org/obo/FOODON_03544518
KNSR2583_9,6,http://purl.obolibrary.org/obo/HANCESTRO_0483
KNSR2583_9,7,http://purl.obolibrary.org/obo/CDNO_0200154
KNSR2583_9,8,http://purl.obolibrary.org/obo/FOODON_03510266
KNSR2583_9,9,http://purl.obolibrary.org/obo/CDNO_0200151
KNSR2583_9,10,http://purl.obolibrary.org/obo/FOODON_03530260
KNSR2583_9,11,http://purl.obolibrary.org/obo/FOODON_03530260
KNSR2584_1,0,http://purl.obolibrary.org/obo/FOODON_03530221
KNSR2584_1,1,http://purl.obolibrary.org/obo/FOODON_03412972
KNSR2584_1,2,NIL
KNSR2584_1,3,http://purl.obolibrary.org/obo/FOODON_00002954
KNSR2584_1,4,http://purl.obolibrary.org/obo/FOODON_03401317
KNSR2584_1,5,http://purl.obolibrary.org/obo/FOODON_03401212
KNSR2584_1,6,http://purl.obolibrary.org/obo/FOODON_03401212
KNSR2584_1,7,NIL
KNSR2584_2,0,http://purl.obolibrary.org/obo/FOODON_03400690
KNSR2584_2,1,http://purl.obolibrary.org/obo/FOODON_03530152
KNSR2584_2,2,NIL
KNSR2584_2,3,http://purl.obolibrary.org/obo/FOODON_00002954
KNSR2584_2,4,http://purl.obolibrary.org/obo/NCIT_C25464
KNSR2584_2,5,http://purl.obolibrary.org/obo/FOODON_03401212
KNSR2584_2,6,http://purl.obolibrary.org/obo/FOODON_03401212
KNSR2585_1,0,http://purl.obolibrary.org/obo/FOODON_03412972
KNSR2585_1,1,http://purl.obolibrary.org/obo/FOODON_03304099
KNSR2585_1,2,http://purl.obolibrary.org/obo/FOODON_00003370
KNSR2585_1,3,http://purl.obolibrary.org/obo/FOODON_00003371
KNSR2585_2,0,http://purl.obolibrary.org/obo/CDNO_0000001
KNSR2585_2,1,http://purl.obolibrary.org/obo/FOODON_03420255
KNSR2585_2,2,http://purl.obolibrary.org/obo/FOODON_03530209
KNSR2585_2,3,NIL
KNSR2585_2,4,http://purl.obolibrary.org/obo/FOODON_03530209
KNSR2585_3,0,http://purl.obolibrary.org/obo/CHEBI_25413
KNSR2585_3,1,http://purl.obolibrary.org/obo/FOODON_03420255
KNSR2585_3,2,http://purl.obolibrary.org/obo/FOODON_03530209
KNSR2585_5,0,http://purl.obolibrary.org/obo/FOODON_00001040
KNSR2585_5,1,http://purl.obolibrary.org/obo/FOODON_03412972
KNSR2586_1,0,http://purl.obolibrary.org/obo/CDNO_0200464
KNSR2586_1,1,NIL
KNSR2586_1,2,http://purl.obolibrary.org/obo/NCBITaxon_2821351
KNSR2586_2,0,http://purl.obolibrary.org/obo/FOODON_03530260
KNSR2586_2,1,NIL
KNSR2586_2,2,NIL
KNSR2586_2,3,NIL
KNSR2586_2,4,NIL
KNSR2586_3,0,http://purl.obolibrary.org/obo/CDNO_0200464
KNSR2586_3,1,http://purl.obolibrary.org/obo/FOODON_03310273
KNSR2586_3,2,http://purl.obolibrary.org/obo/FOODON_00004047
KNSR2587_2,0,http://purl.obolibrary.org/obo/PATO_0000033
KNSR2587_2,1,http://purl.obolibrary.org/obo/OBI_0200170
KNSR2587_2,2,http://purl.obolibrary.org/obo/FOODON_03530176
KNSR2587_4,0,http://purl.obolibrary.org/obo/FOODON_03316579
KNSR2587_4,1,http://purl.obolibrary.org/obo/FOODON_03530260
KNSR2587_4,2,http://purl.obolibrary.org/obo/FOODON_03400690
KNSR2587_4,3,http://purl.obolibrary.org/obo/FOODON_03530260
KNSR2587_4,4,http://purl.obolibrary.org/obo/PATO_0000915
KNSR2588_1,0,http://purl.obolibrary.org/obo/NCBITaxon_323852
KNSR2588_1,1,http://purl.obolibrary.org/obo/FOODON_03543195
KNSR2588_1,2,http://purl.obolibrary.org/obo/FOODON_03309997
KNSR2588_1,3,http://purl.obolibrary.org/obo/PO_0025336
KNSR2588_1,4,http://purl.obolibrary.org/obo/PO_0025336
KNSR2588_1,5,http://purl.obolibrary.org/obo/FOODON_03530051
KNSR2588_1,6,http://purl.obolibrary.org/obo/FOODON_03413112
KNSR2588_2,0,http://purl.obolibrary.org/obo/FOODON_03400874
KNSR2588_2,1,http://purl.obolibrary.org/obo/FOODON_03530066
KNSR2588_2,2,http://purl.obolibrary.org/obo/FOODON_03500016
KNSR2588_2,3,http://purl.obolibrary.org/obo/CHEBI_30527
KNSR2588_2,4,http://purl.obolibrary.org/obo/FOODON_03500016
KNSR2588_2,5,http://purl.obolibrary.org/obo/FOODON_03530066
KNSR2588_2,6,http://purl.obolibrary.org/obo/FOODON_03500016
KNSR2588_2,7,http://purl.obolibrary.org/obo/FOODON_03530066
KNSR2588_2,8,http://purl.obolibrary.org/obo/FOODON_03500016
KNSR2588_3,0,http://purl.obolibrary.org/obo/NCBITaxon_323852
KNSR2588_3,1,http://purl.obolibrary.org/obo/FOODON_03530176
KNSR2588_3,2,http://purl.obolibrary.org/obo/ENVO_00002000
KNSR2588_3,3,NIL
KNSR2588_3,4,http://purl.obolibrary.org/obo/CHEBI_35286
KNSR2588_3,5,http://purl.obolibrary.org/obo/FOODON_03400740
KNSR2588_3,6,http://purl.obolibrary.org/obo/FOODON_03400740
KNSR2588_3,7,http://purl.obolibrary.org/obo/UO_0000033
KNSR2588_3,8,http://purl.obolibrary.org/obo/UO_0000033
KNSR2588_3,9,NIL
KNSR2588_3,10,http://purl.obolibrary.org/obo/UO_0000033
KNSR2588_3,11,http://purl.obolibrary.org/obo/UO_0000033
KNSR2588_3,12,NIL
KNSR2589_1,0,http://purl.obolibrary.org/obo/FOODON_03412972
KNSR2589_1,1,http://purl.obolibrary.org/obo/FOODON_03530150
KNSR2589_1,2,http://purl.obolibrary.org/obo/CHEBI_75769
KNSR2589_1,3,http://purl.obolibrary.org/obo/CHEBI_18145
KNSR2545_2,0,http://purl.obolibrary.org/obo/FOODON_03400324
KNSR2545_2,1,NIL
KNSR2545_2,2,NIL
KNSR2545_2,3,NIL
KNSR2545_2,4,NIL
KNSR2545_2,5,NIL
KNSR2545_2,6,NIL
KNSR2545_2,7,NIL
KNSR2545_2,8,NIL
KNSR2545_3,0,http://purl.obolibrary.org/obo/FOODON_03510200
KNSR2545_3,1,http://purl.obolibrary.org/obo/GAZ_00000558
KNSR2545_3,2,http://purl.obolibrary.org/obo/FOODON_03315483
KNSR2545_3,3,http://purl.obolibrary.org/obo/FOODON_03400876
KNSR2545_3,4,NIL
KNSR2545_3,5,http://purl.obolibrary.org/obo/GAZ_00006909
KNSR2545_3,6,http://purl.obolibrary.org/obo/FOODON_03412972
KNSR2545_3,7,http://purl.obolibrary.org/obo/PATO_0000033
KNSR2546_1,0,http://purl.obolibrary.org/obo/IAO_0000100
KNSR2546_1,1,NIL
KNSR2546_1,2,NIL
KNSR2546_1,3,NIL
KNSR2546_1,4,NIL
KNSR2546_1,5,http://purl.obolibrary.org/obo/PATO_0000915
KNSR2546_1,6,NIL
KNSR2546_1,7,http://purl.obolibrary.org/obo/FOODON_03530221
KNSR2546_2,0,http://purl.obolibrary.org/obo/FOODON_00003926
KNSR2546_2,1,http://purl.obolibrary.org/obo/FOODON_03301054
KNSR2546_2,2,http://purl.obolibrary.org/obo/FOODON_00003926
KNSR2546_2,3,http://purl.obolibrary.org/obo/FOODON_03316579
KNSR2546_2,4,http://purl.obolibrary.org/obo/FOODON_03541537
KNSR2546_2,5,http://purl.obolibrary.org/obo/FOODON_00003926
KNSR2546_2,6,http://purl.obolibrary.org/obo/FOODON_03530221
KNSR2546_2,7,http://purl.obolibrary.org/obo/FOODON_00003926
KNSR2546_2,8,http://purl.obolibrary.org/obo/FOODON_00002502
KNSR2546_3,0,http://purl.obolibrary.org/obo/FOODON_00001620
KNSR2546_3,1,http://purl.obolibrary.org/obo/FOODON_00002271
KNSR2546_3,2,http://purl.obolibrary.org/obo/FOODON_00004083
KNSR2546_3,3,http://purl.obolibrary.org/obo/FOODON_03400430
KNSR2546_3,4,http://purl.obolibrary.org/obo/FOODON_03530243
KNSR2546_3,5,http://purl.obolibrary.org/obo/FOODON_03490263
KNSR2546_4,0,http://purl.obolibrary.org/obo/FOODON_03490195
KNSR2546_4,1,NIL
KNSR2546_4,2,http://purl.obolibrary.org/obo/FOODON_03411566
KNSR2546_4,3,http://purl.obolibrary.org/obo/FOODON_03490263
KNSR2546_4,4,http://purl.obolibrary.org/obo/FOODON_03530065
KNSR2546_4,5,NIL
KNSR2546_4,6,http://purl.obolibrary.org/obo/FOODON_03490263
KNSR2546_4,7,http://purl.obolibrary.org/obo/FOODON_03412972
KNSR2546_4,8,http://purl.obolibrary.org/obo/FOODON_03490263
KNSR2547_1,0,http://purl.obolibrary.org/obo/FOODON_03530221
KNSR2547_1,1,http://purl.obolibrary.org/obo/FOODON_03401269
KNSR2547_1,2,http://purl.obolibrary.org/obo/FOODON_00003912
KNSR2547_1,3,http://purl.obolibrary.org/obo/FOODON_03500016
KNSR2547_1,4,http://purl.obolibrary.org/obo/FOODON_00003304
KNSR2549_1,0,http://purl.obolibrary.org/obo/FOODON_03530260
KNSR2549_1,1,http://purl.obolibrary.org/obo/FOODON_03411599
KNSR2549_1,2,http://purl.obolibrary.org/obo/PO_0030108
KNSR2549_2,0,http://purl.obolibrary.org/obo/FOODON_03530265
KNSR2549_2,1,http://purl.obolibrary.org/obo/FOODON_03304528
KNSR2549_2,2,http://purl.obolibrary.org/obo/CHEBI_90852
KNSR2549_2,3,http://purl.obolibrary.org/obo/FOODON_03510225
KNSR2549_2,4,http://purl.obolibrary.org/obo/FOODON_03413097
KNSR2549_2,5,http://purl.obolibrary.org/obo/PO_0009047
KNSR2549_2,6,http://purl.obolibrary.org/obo/CDNO_0200157
KNSR2549_2,7,http://purl.obolibrary.org/obo/CDNO_0200160
KNSR2549_2,8,http://purl.obolibrary.org/obo/CDNO_0200170
KNSR2549_2,9,http://purl.obolibrary.org/obo/CHEBI_75769
KNSR2549_2,10,http://purl.obolibrary.org/obo/CDNO_0200154
KNSR2549_3,0,http://purl.obolibrary.org/obo/FOODON_03541736
KNSR2549_3,1,http://purl.obolibrary.org/obo/FOODON_03304528
KNSR2549_3,2,http://purl.obolibrary.org/obo/CHEBI_90852
KNSR2549_3,3,http://purl.obolibrary.org/obo/FOODON_03510225
KNSR2549_3,4,http://purl.obolibrary.org/obo/FOODON_03413097
KNSR2549_3,5,http://purl.obolibrary.org/obo/PO_0009047
KNSR2549_3,6,http://purl.obolibrary.org/obo/CDNO_0200157
KNSR2549_3,7,http://purl.obolibrary.org/obo/CDNO_0200160
KNSR2549_3,8,http://purl.obolibrary.org/obo/CDNO_0200170
KNSR2549_3,9,http://purl.obolibrary.org/obo/CHEBI_75769
KNSR2549_3,10,http://purl.obolibrary.org/obo/CDNO_0200154
KNSR2550_1,0,http://purl.obolibrary.org/obo/FOODON_03412972
KNSR2550_1,1,NIL
KNSR2550_1,2,NIL
KNSR2550_1,3,http://purl.obolibrary.org/obo/FOODON_03412972
KNSR2550_1,4,NIL
KNSR2550_1,5,NIL
KNSR2550_1,6,NIL
KNSR2550_1,7,http://purl.obolibrary.org/obo/FOODON_03543158
KNSR2550_1,8,http://purl.obolibrary.org/obo/FOODON_03543158
KNSR2550_2,0,http://purl.obolibrary.org/obo/ENVO_00000191
KNSR2550_2,1,http://purl.obolibrary.org/obo/CHEBI_23053
KNSR2550_2,2,http://purl.obolibrary.org/obo/CHEBI_132142
KNSR2550_2,3,http://purl.obolibrary.org/obo/FOODON_03543158
KNSR2550_2,4,http://purl.obolibrary.org/obo/CHEBI_6495
KNSR2550_2,5,http://purl.obolibrary.org/obo/FOODON_03401383
KNSR2550_2,6,http://purl.obolibrary.org/obo/FOODON_03400876
KNSR2550_2,7,http://purl.obolibrary.org/obo/FOODON_00001212
KNSR2550_2,8,http://purl.obolibrary.org/obo/FOODON_03543158
KNSR2550_3,0,http://purl.obolibrary.org/obo/FOODON_03412972
KNSR2550_3,1,NIL
KNSR2551_1,0,http://purl.obolibrary.org/obo/PO_0025530
KNSR2551_1,1,http://purl.obolibrary.org/obo/PATO_0000146
KNSR2551_1,2,http://purl.obolibrary.org/obo/FOODON_03530229
KNSR2551_1,3,http://purl.obolibrary.org/obo/FOODON_03413112
KNSR2551_2,0,http://purl.obolibrary.org/obo/CDNO_0200146
KNSR2551_2,1,http://purl.obolibrary.org/obo/FOODON_03400356
KNSR2551_2,2,http://purl.obolibrary.org/obo/FOODON_03414514
KNSR2551_2,3,http://purl.obolibrary.org/obo/UO_0000195
KNSR2551_2,4,http://purl.obolibrary.org/obo/OBI_0200079
KNSR2551_2,5,NIL
KNSR2551_2,6,http://purl.obolibrary.org/obo/FOODON_03412972
KNSR2551_3,0,http://purl.obolibrary.org/obo/CDNO_0000014
KNSR2551_3,1,http://purl.obolibrary.org/obo/FOODON_03530229
KNSR2551_3,2,http://purl.obolibrary.org/obo/HANCESTRO_0483
KNSR2551_3,3,http://purl.obolibrary.org/obo/FOODON_03315281
KNSR2551_3,4,http://purl.obolibrary.org/obo/FOODON_03301100
KNSR2551_4,0,http://purl.obolibrary.org/obo/FOODON_03400690
KNSR2551_4,1,http://purl.obolibrary.org/obo/CDNO_0200172
KNSR2551_4,2,http://purl.obolibrary.org/obo/CDNO_0200172
KNSR2551_4,3,http://purl.obolibrary.org/obo/FOODON_00003338
KNSR2551_4,4,http://purl.obolibrary.org/obo/FOODON_00003338
KNSR2551_4,5,http://purl.obolibrary.org/obo/FOODON_00003304
KNSR2551_4,6,NIL
KNSR2552_1,0,http://purl.obolibrary.org/obo/ENVO_00000191
KNSR2552_1,1,NIL
KNSR2552_1,2,NIL
KNSR2552_1,3,http://purl.obolibrary.org/obo/GAZ_00006883
KNSR2552_2,0,http://purl.obolibrary.org/obo/FOODON_03412972
KNSR2552_2,1,http://purl.obolibrary.org/obo/FOODON_03540881
KNSR2552_2,2,http://purl.obolibrary.org/obo/FOODON_03412972
KNSR2552_2,3,http://purl.obolibrary.org/obo/FOODON_03400659
KNSR2552_3,0,http://purl.obolibrary.org/obo/FOODON_03315721
KNSR2552_3,1,http://purl.obolibrary.org/obo/FOODON_00001260
KNSR2552_3,2,http://purl.obolibrary.org/obo/FOODON_00002158
KNSR2552_3,3,http://purl.obolibrary.org/obo/FOODON_03530260
KNSR2552_3,4,http://purl.obolibrary.org/obo/FOODON_03460159
KNSR2552_3,5,http://purl.obolibrary.org/obo/FOODON_03543403
KNSR2552_3,6,NIL
KNSR2553_1,0,http://purl.obolibrary.org/obo/FOODON_00001859
KNSR2553_1,1,http://purl.obolibrary.org/obo/FOODON_03401383
KNSR2553_1,2,http://purl.obolibrary.org/obo/NCIT_C25464
KNSR2553_1,3,http://purl.obolibrary.org/obo/FOODON_03400654
KNSR2553_1,4,http://purl.obolibrary.org/obo/FOODON_03530150
KNSR2553_1,5,http://purl.obolibrary.org/obo/FOODON_03530207
KNSR2553_1,6,http://purl.obolibrary.org/obo/FOODON_03470120
KNSR2553_1,7,http://purl.obolibrary.org/obo/FOODON_03470144
KNSR2553_2,0,http://purl.obolibrary.org/obo/FOODON_03530260
KNSR2553_2,1,NIL
KNSR2553_2,2,NIL
KNSR2553_2,3,NIL
KNSR2553_2,4,NIL
KNSR2553_2,5,http://purl.obolibrary.org/obo/GAZ_00059206
KNSR2553_2,6,NIL
KNSR2553_2,7,NIL
KNSR2553_4,0,http://purl.obolibrary.org/obo/FOODON_03520352
KNSR2553_4,1,http://purl.obolibrary.org/obo/FOODON_03530155
KNSR2553_4,2,http://purl.obolibrary.org/obo/FOODON_03530155
KNSR2553_4,3,http://purl.obolibrary.org/obo/FOODON_03530236
KNSR2553_4,4,http://purl.obolibrary.org/obo/FOODON_03544485
KNSR2553_5,0,http://purl.obolibrary.org/obo/FOODON_03520352
KNSR2553_5,1,http://purl.obolibrary.org/obo/FOODON_03412974
KNSR2553_5,2,http://purl.obolibrary.org/obo/FOODON_03530152
KNSR2553_5,3,http://purl.obolibrary.org/obo/FOODON_03310014
KNSR2554_1,0,http://purl.obolibrary.org/obo/CHEBI_33709
KNSR2554_1,1,http://purl.obolibrary.org/obo/FOODON_03543195
KNSR2554_1,2,http://purl.obolibrary.org/obo/OBI_0200079
KNSR2554_1,3,http://purl.obolibrary.org/obo/NCBITaxon_3847
KNSR2554_1,4,http://purl.obolibrary.org/obo/FOODON_03541548
KNSR2554_2,0,http://purl.obolibrary.org/obo/FOODON_03530221
KNSR2554_2,1,http://purl.obolibrary.org/obo/FOODON_03530221
KNSR2554_2,2,http://purl.obolibrary.org/obo/OBI_0200079
KNSR2554_2,3,http://purl.obolibrary.org/obo/FOODON_03530065
KNSR2554_2,4,http://purl.obolibrary.org/obo/FOODON_03460111
KNSR2554_3,0,http://purl.obolibrary.org/obo/FOODON_03510202
KNSR2554_3,1,http://purl.obolibrary.org/obo/CHEBI_22470
KNSR2554_3,2,http://purl.obolibrary.org/obo/FOODON_03400756
KNSR2554_3,3,http://purl.obolibrary.org/obo/FOODON_03530260
KNSR2554_3,4,http://purl.obolibrary.org/obo/FOODON_03302001
KNSR2554_3,5,http://purl.obolibrary.org/obo/CHEBI_26377
KNSR2554_3,6,http://purl.obolibrary.org/obo/FOODON_03412082
KNSR2554_3,7,http://purl.obolibrary.org/obo/FOODON_03412082
KNSR2555_1,0,http://purl.obolibrary.org/obo/FOODON_03530008
KNSR2555_1,1,http://purl.obolibrary.org/obo/FOODON_00001041
KNSR2555_1,2,http://purl.obolibrary.org/obo/FOODON_03309738
KNSR2555_1,3,http://purl.obolibrary.org/obo/FOODON_03530087
KNSR2555_1,4,http://purl.obolibrary.org/obo/FOODON_03303430
KNSR2555_1,5,http://purl.obolibrary.org/obo/FOODON_03311508
KNSR2555_1,6,http://purl.obolibrary.org/obo/CHEBI_90852
KNSR2555_1,7,http://purl.obolibrary.org/obo/FOODON_03303430
KNSR2555_1,8,http://purl.obolibrary.org/obo/FOODON_00003265
KNSR2555_1,9,http://purl.obolibrary.org/obo/FOODON_03400430
KNSR2555_2,0,http://purl.obolibrary.org/obo/FOODON_00002271
KNSR2555_2,1,http://purl.obolibrary.org/obo/FOODON_00001041
KNSR2555_2,2,http://purl.obolibrary.org/obo/FOODON_03309738
KNSR2555_2,3,http://purl.obolibrary.org/obo/FOODON_00002712
KNSR2555_2,4,http://purl.obolibrary.org/obo/PATO_0000146
KNSR2555_2,5,http://purl.obolibrary.org/obo/FOODON_03311508
KNSR2555_2,6,http://purl.obolibrary.org/obo/CHEBI_90852
KNSR2555_2,7,http://purl.obolibrary.org/obo/FOODON_03412972
KNSR2555_2,8,http://purl.obolibrary.org/obo/FOODON_00003265
KNSR2555_2,9,http://purl.obolibrary.org/obo/FOODON_03400430
KNSR2555_3,0,http://purl.obolibrary.org/obo/FOODON_03530008
KNSR2555_3,1,http://purl.obolibrary.org/obo/FOODON_00001041
KNSR2555_3,2,http://purl.obolibrary.org/obo/FOODON_03450006
KNSR2555_3,3,http://purl.obolibrary.org/obo/FOODON_03530087
KNSR2555_3,4,http://purl.obolibrary.org/obo/PATO_0000146
KNSR2555_3,5,http://purl.obolibrary.org/obo/FOODON_03311508
KNSR2555_3,6,http://purl.obolibrary.org/obo/CHEBI_90852
KNSR2555_3,7,http://purl.obolibrary.org/obo/FOODON_03303430
KNSR2555_3,8,http://purl.obolibrary.org/obo/FOODON_00003265
KNSR2555_3,9,http://purl.obolibrary.org/obo/FOODON_03400430
KNSR2555_4,0,http://purl.obolibrary.org/obo/FOODON_03530008
KNSR2555_4,1,http://purl.obolibrary.org/obo/FOODON_00001041
KNSR2555_4,2,http://purl.obolibrary.org/obo/FOODON_03309738
KNSR2555_4,3,http://purl.obolibrary.org/obo/FOODON_03317170
KNSR2555_4,4,http://purl.obolibrary.org/obo/FOODON_03303430
KNSR2555_4,5,http://purl.obolibrary.org/obo/FOODON_03311508
KNSR2555_4,6,http://purl.obolibrary.org/obo/CHEBI_90852
KNSR2555_4,7,http://purl.obolibrary.org/obo/FOODON_00003265
KNSR2555_4,8,http://purl.obolibrary.org/obo/FOODON_03400430
KNSR2555_4,9,http://purl.obolibrary.org/obo/FOODON_03316074
KNSR2555_5,0,http://purl.obolibrary.org/obo/FOODON_00002271
KNSR2555_5,1,http://purl.obolibrary.org/obo/FOODON_00001041
KNSR2555_5,2,http://purl.obolibrary.org/obo/FOODON_03309738
KNSR2555_5,3,http://purl.obolibrary.org/obo/FOODON_00002712
KNSR2555_5,4,http://purl.obolibrary.org/obo/PATO_0000146
KNSR2555_5,5,http://purl.obolibrary.org/obo/FOODON_03311508
KNSR2555_5,6,http://purl.obolibrary.org/obo/CHEBI_90852
KNSR2555_5,7,http://purl.obolibrary.org/obo/FOODON_00003265
KNSR2555_5,8,http://purl.obolibrary.org/obo/FOODON_03412972
KNSR2555_5,9,http://purl.obolibrary.org/obo/FOODON_03316074
KNSR2555_6,0,http://purl.obolibrary.org/obo/FOODON_03306877
KNSR2555_6,1,http://purl.obolibrary.org/obo/FOODON_03530008
KNSR2555_6,2,http://purl.obolibrary.org/obo/FOODON_00001041
KNSR2555_6,3,http://purl.obolibrary.org/obo/FOODON_03530087
KNSR2555_6,4,http://purl.obolibrary.org/obo/PATO_0000146
KNSR2555_6,5,http://purl.obolibrary.org/obo/FOODON_03311508
KNSR2555_6,6,http://purl.obolibrary.org/obo/CHEBI_90852
KNSR2555_6,7,http://purl.obolibrary.org/obo/FOODON_00003265
KNSR2555_6,8,http://purl.obolibrary.org/obo/FOODON_03400430
KNSR2555_6,9,http://purl.obolibrary.org/obo/FOODON_03316074
KNSR2555_6,10,NIL
KNSR2556_1,0,http://purl.obolibrary.org/obo/IAO_0000100
KNSR2556_1,1,http://purl.obolibrary.org/obo/UO_0000033
KNSR2556_1,2,http://purl.obolibrary.org/obo/FOODON_03530260
KNSR2556_1,3,http://purl.obolibrary.org/obo/FOODON_03543195
KNSR2556_1,4,http://purl.obolibrary.org/obo/OBI_0200079
KNSR2556_1,5,http://purl.obolibrary.org/obo/NCBITaxon_3847
KNSR2556_1,6,http://purl.obolibrary.org/obo/FOODON_03530012
KNSR2556_1,7,http://purl.obolibrary.org/obo/FOODON_00001814
KNSR2556_2,0,http://purl.obolibrary.org/obo/FOODON_03460368
KNSR2556_2,1,http://purl.obolibrary.org/obo/FOODON_03543799
KNSR2556_2,2,http://purl.obolibrary.org/obo/BFO_0000024
KNSR2556_2,3,http://purl.obolibrary.org/obo/BFO_0000144
KNSR2556_2,4,NIL
KNSR2556_2,5,http://purl.obolibrary.org/obo/BFO_0000024
KNSR2556_2,6,http://purl.obolibrary.org/obo/BFO_0000144
KNSR2556_2,7,NIL
KNSR2557_2,0,http://purl.obolibrary.org/obo/FOODON_03543403
KNSR2557_2,1,http://purl.obolibrary.org/obo/PATO_0000033
KNSR2557_2,2,http://purl.obolibrary.org/obo/FOODON_03510225
KNSR2557_2,3,http://purl.obolibrary.org/obo/FOODON_03401269
KNSR2557_2,4,NIL
KNSR2557_3,0,http://purl.obolibrary.org/obo/PATO_0000033
KNSR2557_3,1,http://purl.obolibrary.org/obo/FOODON_03540881
KNSR2557_3,2,http://purl.obolibrary.org/obo/FOODON_03316408
KNSR2557_3,3,http://purl.obolibrary.org/obo/FOODON_03315840
KNSR2557_3,4,http://purl.obolibrary.org/obo/PATO_0000119
KNSR2557_3,5,http://purl.obolibrary.org/obo/FOODON_03530260
KNSR2557_4,0,http://purl.obolibrary.org/obo/FOODON_03414168
KNSR2557_4,1,http://purl.obolibrary.org/obo/CDNO_0000001
KNSR2557_4,2,http://purl.obolibrary.org/obo/ENVO_01000814
KNSR2557_4,3,NIL
KNSR2557_4,4,NIL
KNSR2557_5,0,http://purl.obolibrary.org/obo/NCBITaxon_1783272
KNSR2557_5,1,http://purl.obolibrary.org/obo/FOODON_03311874
KNSR2557_5,2,NIL
KNSR2557_5,3,http://purl.obolibrary.org/obo/NCBITaxon_112883
KNSR2557_5,4,http://purl.obolibrary.org/obo/NCBITaxon_1783272
KNSR2557_5,5,http://purl.obolibrary.org/obo/FOODON_03311874
KNSR2557_5,6,NIL
KNSR2557_5,7,http://purl.obolibrary.org/obo/NCBITaxon_112883
KNSR2557_6,0,http://purl.obolibrary.org/obo/NCBITaxon_1783272
KNSR2557_6,1,http://purl.obolibrary.org/obo/FOODON_03510200
KNSR2557_6,2,http://purl.obolibrary.org/obo/FOODON_03311874
KNSR2557_6,3,NIL
KNSR2557_6,4,http://purl.obolibrary.org/obo/NCBITaxon_112883
KNSR2557_6,5,http://purl.obolibrary.org/obo/FOODON_03530156
KNSR2559_7,0,http://purl.obolibrary.org/obo/GAZ_00000464
KNSR2559_7,1,http://purl.obolibrary.org/obo/FOODON_00001185
KNSR2559_7,2,http://purl.obolibrary.org/obo/ONS_1000059
KNSR2559_7,3,http://purl.obolibrary.org/obo/FOODON_03510266
KNSR2559_7,4,http://purl.obolibrary.org/obo/FOODON_03510266
KNSR2559_7,5,NIL
KNSR2561_1,0,http://purl.obolibrary.org/obo/UO_0000191
KNSR2561_1,1,http://purl.obolibrary.org/obo/FOODON_03412972
KNSR2561_1,2,http://purl.obolibrary.org/obo/CHEBI_25698
KNSR2561_1,3,http://purl.obolibrary.org/obo/CHEBI_25698
KNSR2561_1,4,http://purl.obolibrary.org/obo/CHEBI_25698
KNSR2561_1,5,http://purl.obolibrary.org/obo/FOODON_03308825
KNSR2561_1,6,http://purl.obolibrary.org/obo/FOODON_03411041
KNSR2561_1,7,NIL
KNSR2561_2,0,http://purl.obolibrary.org/obo/FOODON_03412972
KNSR2561_2,1,http://purl.obolibrary.org/obo/FOODON_03412972
KNSR2561_2,2,http://purl.obolibrary.org/obo/CHEBI_23044
KNSR2561_2,3,http://purl.obolibrary.org/obo/CDNO_0000014
KNSR2561_2,4,http://purl.obolibrary.org/obo/CHEBI_23044
KNSR2561_2,5,http://purl.obolibrary.org/obo/CDNO_0000014
KNSR2561_2,6,http://purl.obolibrary.org/obo/OBI_0000011
KNSR2573_1,0,http://purl.obolibrary.org/obo/FAO_0000007
KNSR2573_1,1,http://purl.obolibrary.org/obo/CHEBI_176783
KNSR2573_1,2,http://purl.obolibrary.org/obo/FOODON_03530155
KNSR2573_1,3,http://purl.obolibrary.org/obo/CHEBI_28838
KNSR2573_1,4,http://purl.obolibrary.org/obo/CHEBI_27013
KNSR2573_1,5,http://purl.obolibrary.org/obo/FOODON_00004042
KNSR2573_2,0,http://purl.obolibrary.org/obo/FOODON_03411338
KNSR2573_2,1,http://purl.obolibrary.org/obo/CHEBI_176783
KNSR2573_2,2,http://purl.obolibrary.org/obo/FOODON_03530155
KNSR2573_2,3,http://purl.obolibrary.org/obo/CHEBI_28838
KNSR2573_2,4,http://purl.obolibrary.org/obo/CHEBI_27013
KNSR2573_2,5,http://purl.obolibrary.org/obo/FOODON_00004042
KNSR2573_3,0,http://purl.obolibrary.org/obo/PO_0004709
KNSR2573_3,1,http://purl.obolibrary.org/obo/CHEBI_176783
KNSR2573_3,2,http://purl.obolibrary.org/obo/FOODON_03530155
KNSR2573_3,3,http://purl.obolibrary.org/obo/CHEBI_28838
KNSR2573_3,4,http://purl.obolibrary.org/obo/CHEBI_27013
KNSR2573_3,5,http://purl.obolibrary.org/obo/FOODON_00004042
KNSR2573_4,0,http://purl.obolibrary.org/obo/FOODON_03530260
KNSR2573_4,1,http://purl.obolibrary.org/obo/CHEBI_176783
KNSR2573_4,2,http://purl.obolibrary.org/obo/FOODON_03530155
KNSR2573_4,3,http://purl.obolibrary.org/obo/CHEBI_28838
KNSR2573_4,4,http://purl.obolibrary.org/obo/CHEBI_27013
KNSR2573_4,5,http://purl.obolibrary.org/obo/FOODON_00004042
KNSR2573_5,0,http://purl.obolibrary.org/obo/FOODON_03530260
KNSR2573_5,1,http://purl.obolibrary.org/obo/CHEBI_176783
KNSR2573_5,2,http://purl.obolibrary.org/obo/FOODON_03530155
KNSR2573_5,3,http://purl.obolibrary.org/obo/CHEBI_28838
KNSR2573_5,4,http://purl.obolibrary.org/obo/CHEBI_27013
KNSR2573_5,5,http://purl.obolibrary.org/obo/FOODON_00004042
KNSR2573_6,0,http://purl.obolibrary.org/obo/NCBITaxon_3712
KNSR2573_6,1,http://purl.obolibrary.org/obo/CHEBI_176783
KNSR2573_6,2,http://purl.obolibrary.org/obo/FOODON_03530155
KNSR2573_6,3,http://purl.obolibrary.org/obo/CHEBI_28838
KNSR2573_6,4,http://purl.obolibrary.org/obo/CHEBI_27013
KNSR2573_6,5,http://purl.obolibrary.org/obo/CHEBI_166890
KNSR2576_1,0,http://purl.obolibrary.org/obo/FOODON_03306301
KNSR2576_1,1,http://purl.obolibrary.org/obo/FOODON_03401298
KNSR2576_1,2,http://purl.obolibrary.org/obo/FOODON_03306301
KNSR2576_1,3,http://purl.obolibrary.org/obo/FOODON_03401298
KNSR2576_1,4,http://purl.obolibrary.org/obo/FOODON_03306301
KNSR2576_1,5,http://purl.obolibrary.org/obo/FOODON_03401298
KNSR2576_2,0,http://purl.obolibrary.org/obo/FOODON_03530146
KNSR2576_2,1,NIL
KNSR2576_2,2,NIL
KNSR2576_2,3,NIL
KNSR2576_3,0,http://purl.obolibrary.org/obo/FOODON_03530260
KNSR2576_3,1,NIL
KNSR2576_3,2,http://purl.obolibrary.org/obo/PATO_0000915
KNSR2576_3,3,http://purl.obolibrary.org/obo/OBI_0200170
KNSR2576_3,4,http://purl.obolibrary.org/obo/FOODON_03430122
KNSR2576_3,5,NIL
KNSR2577_1,0,http://purl.obolibrary.org/obo/FOODON_03530152
KNSR2577_1,1,http://purl.obolibrary.org/obo/FOODON_03543158
KNSR2577_1,2,http://purl.obolibrary.org/obo/FOODON_00001212
KNSR2577_1,3,http://purl.obolibrary.org/obo/FOODON_03315483
KNSR2577_1,4,NIL
KNSR2577_1,5,http://purl.obolibrary.org/obo/CHEBI_25697
KNSR2577_1,6,http://purl.obolibrary.org/obo/FOODON_03315840
KNSR2577_1,7,NIL
KNSR2577_2,0,http://purl.obolibrary.org/obo/FOODON_03470176
KNSR2577_2,1,http://purl.obolibrary.org/obo/PATO_0000014
KNSR2577_2,2,http://purl.obolibrary.org/obo/FOODON_03510225
KNSR2577_2,3,http://purl.obolibrary.org/obo/FOODON_03510225
KNSR2577_2,4,http://purl.obolibrary.org/obo/UO_0000190
KNSR2577_3,0,http://purl.obolibrary.org/obo/FOODON_03460181
KNSR2577_3,1,NIL
KNSR2577_3,2,http://purl.obolibrary.org/obo/FOODON_03601005
KNSR2577_3,3,NIL
KNSR2578_1,0,http://purl.obolibrary.org/obo/FOODON_03412972
KNSR2578_1,1,NIL
KNSR2578_1,2,http://purl.obolibrary.org/obo/CHEBI_33234
KNSR2578_1,3,http://purl.obolibrary.org/obo/PO_0009008
KNSR2578_1,4,http://purl.obolibrary.org/obo/FOODON_00001887
KNSR2579_1,0,NIL
KNSR2579_1,1,http://purl.obolibrary.org/obo/FOODON_03412972
KNSR2579_1,2,NIL
KNSR2579_1,3,NIL
KNSR2579_1,4,NIL
KNSR2579_1,5,http://purl.obolibrary.org/obo/FOODON_03430137
KNSR2579_1,6,http://purl.obolibrary.org/obo/CHEBI_35286
KNSR2579_1,7,NIL
KNSR2579_1,8,NIL
KNSR2579_2,0,http://purl.obolibrary.org/obo/FOODON_03530260
KNSR2579_2,1,http://purl.obolibrary.org/obo/FOODON_03412972
KNSR2579_2,2,NIL
KNSR2579_2,3,NIL
KNSR2579_2,4,NIL
KNSR2579_2,5,NIL
KNSR2579_2,6,NIL
KNSR2579_2,7,NIL
KNSR2579_2,8,NIL
KNSR2579_2,9,NIL
KNSR2579_3,0,http://purl.obolibrary.org/obo/FOODON_03420307
KNSR2579_3,1,NIL
KNSR2579_3,2,NIL
KNSR2579_3,3,NIL
KNSR2579_3,4,NIL
KNSR2579_3,5,NIL
KNSR2579_3,6,NIL
KNSR2580_1,0,http://purl.obolibrary.org/obo/FOODON_03530050
KNSR2580_1,1,http://purl.obolibrary.org/obo/NCIT_C25464
KNSR2580_1,2,http://purl.obolibrary.org/obo/CHEBI_27475
KNSR2580_1,3,NIL
KNSR2580_2,0,http://purl.obolibrary.org/obo/FOODON_03530050
KNSR2580_2,1,http://purl.obolibrary.org/obo/NCIT_C25464
KNSR2580_2,2,http://purl.obolibrary.org/obo/FOODON_03530150
KNSR2580_2,3,NIL
KNSR2580_2,4,http://purl.obolibrary.org/obo/FOODON_03315815
KNSR2580_2,5,NIL
KNSR2580_2,6,http://purl.obolibrary.org/obo/FOODON_03311863
KNSR2580_2,7,NIL
KNSR2580_3,0,http://purl.obolibrary.org/obo/FOODON_03530050
KNSR2580_3,1,http://purl.obolibrary.org/obo/FOODON_00001286
KNSR2580_3,2,http://purl.obolibrary.org/obo/CHEBI_28838
KNSR2580_3,3,NIL
KNSR2580_3,4,http://purl.obolibrary.org/obo/FOODON_03311863
KNSR2580_4,0,http://purl.obolibrary.org/obo/FOODON_03530050
KNSR2580_4,1,http://purl.obolibrary.org/obo/NCIT_C25464
KNSR2580_4,2,http://purl.obolibrary.org/obo/FOODON_00002486
KNSR2580_4,3,http://purl.obolibrary.org/obo/FOODON_00002486
KNSR2580_4,4,http://purl.obolibrary.org/obo/PO_0009007
KNSR2580_4,5,http://purl.obolibrary.org/obo/FOODON_03530055
KNSR2580_4,6,http://purl.obolibrary.org/obo/FOODON_00002486
KNSR2580_4,7,http://purl.obolibrary.org/obo/FOODON_03490420
KNSR2580_4,8,http://purl.obolibrary.org/obo/FOODON_03309389
KNSR2580_4,9,http://purl.obolibrary.org/obo/FOODON_03530261
KNSR2580_4,10,http://purl.obolibrary.org/obo/PO_0009007
KNSR2580_4,11,http://purl.obolibrary.org/obo/FOODON_03309389
KNSR2580_5,0,http://purl.obolibrary.org/obo/FOODON_03412972
KNSR2580_5,1,http://purl.obolibrary.org/obo/FOODON_00001013
KNSR2580_5,2,http://purl.obolibrary.org/obo/CHEBI_22470
KNSR2581_1,0,http://purl.obolibrary.org/obo/FOODON_03420106
KNSR2581_1,1,http://purl.obolibrary.org/obo/FOODON_00001750
KNSR2581_1,2,http://purl.obolibrary.org/obo/CHEBI_90852
KNSR2581_1,3,NIL
KNSR2581_1,4,http://purl.obolibrary.org/obo/FOODON_00002220
KNSR2581_1,5,http://purl.obolibrary.org/obo/CHEBI_90852
KNSR2581_1,6,NIL
KNSR2581_2,0,http://purl.obolibrary.org/obo/FOODON_03420106
KNSR2581_2,1,http://purl.obolibrary.org/obo/FOODON_03411423
KNSR2581_2,2,http://purl.obolibrary.org/obo/CHEBI_90852
KNSR2581_2,3,http://purl.obolibrary.org/obo/FOODON_00002220
KNSR2581_2,4,http://purl.obolibrary.org/obo/CHEBI_90852
KNSR2582_1,0,http://purl.obolibrary.org/obo/ENVO_00000037
KNSR2582_1,1,http://purl.obolibrary.org/obo/FOODON_03411324
KNSR2582_1,2,http://purl.obolibrary.org/obo/FOODON_03420307
KNSR2582_1,3,http://purl.obolibrary.org/obo/FOODON_03301594
KNSR2589_3,0,http://purl.obolibrary.org/obo/FOODON_00003926
KNSR2589_3,1,http://purl.obolibrary.org/obo/CHEBI_27632
KNSR2589_3,2,http://purl.obolibrary.org/obo/CHEBI_51867
KNSR2589_3,3,NIL
KNSR2589_3,4,http://purl.obolibrary.org/obo/CHEBI_15674
KNSR2589_4,0,http://purl.obolibrary.org/obo/CHEBI_51867
KNSR2589_4,1,http://purl.obolibrary.org/obo/OBI_0200079
KNSR2589_4,2,http://purl.obolibrary.org/obo/FOODON_03530156
KNSR2589_5,0,http://purl.obolibrary.org/obo/CHEBI_51867
KNSR2589_5,1,http://purl.obolibrary.org/obo/FOODON_03420133
KNSR2589_5,2,http://purl.obolibrary.org/obo/FOODON_03460223
KNSR2589_5,3,http://purl.obolibrary.org/obo/FOODON_03470169
KNSR2589_5,4,NIL
KNSR2590_1,0,NIL
KNSR2590_1,1,http://purl.obolibrary.org/obo/FOODON_00002143
KNSR2590_1,2,http://purl.obolibrary.org/obo/FOODON_03544508
KNSR2590_1,3,http://purl.obolibrary.org/obo/FOODON_03544508
KNSR2590_1,4,NIL
KNSR2590_1,5,http://purl.obolibrary.org/obo/CHEBI_78689
KNSR2590_1,6,http://purl.obolibrary.org/obo/CHEBI_78689
KNSR2590_1,7,NIL
KNSR2590_2,0,http://purl.obolibrary.org/obo/NCBITaxon_4107
KNSR2590_2,1,http://purl.obolibrary.org/obo/FOODON_00002143
KNSR2590_2,2,http://purl.obolibrary.org/obo/ENVO_01000155
KNSR2590_2,3,http://purl.obolibrary.org/obo/FOODON_00004070
KNSR2590_3,0,http://purl.obolibrary.org/obo/FOODON_03413391
KNSR2590_3,1,http://purl.obolibrary.org/obo/FOODON_03311637
KNSR2590_3,2,http://purl.obolibrary.org/obo/FOODON_03311637
KNSR2590_3,3,http://purl.obolibrary.org/obo/FOODON_03316506
KNSR2590_3,4,http://purl.obolibrary.org/obo/FOODON_03316506
KNSR2591_2,0,http://purl.obolibrary.org/obo/FOODON_03530007
KNSR2591_2,1,http://purl.obolibrary.org/obo/FOODON_03543158
KNSR2591_2,2,http://purl.obolibrary.org/obo/FOODON_03400690
KNSR2591_2,3,NIL
KNSR2591_2,4,http://purl.obolibrary.org/obo/FOODON_03530221
KNSR2591_4,0,http://purl.obolibrary.org/obo/FOODON_03303380
KNSR2591_4,1,http://purl.obolibrary.org/obo/FOODON_03400351
KNSR2591_4,2,NIL
KNSR2591_4,3,http://purl.obolibrary.org/obo/CHEBI_166966
KNSR2591_4,4,NIL
KNSR2591_4,5,http://purl.obolibrary.org/obo/CHEBI_166966
KNSR2591_4,6,http://purl.obolibrary.org/obo/FOODON_03490244
KNSR2591_4,7,http://purl.obolibrary.org/obo/CHEBI_166966
KNSR2591_4,8,NIL
KNSR2591_4,9,http://purl.obolibrary.org/obo/CHEBI_166966
KNSR2591_4,10,http://purl.obolibrary.org/obo/FOODON_03530195
KNSR2591_4,11,http://purl.obolibrary.org/obo/NCBITaxon_323665
KNSR2591_4,12,http://purl.obolibrary.org/obo/CHEBI_166966
KNSR2592_1,0,http://purl.obolibrary.org/obo/FOODON_03400661
KNSR2592_1,1,http://purl.obolibrary.org/obo/FOODON_03302056
KNSR2592_1,2,http://purl.obolibrary.org/obo/FOODON_00001992
KNSR2592_1,3,http://purl.obolibrary.org/obo/FOODON_03541213
KNSR2592_2,0,http://purl.obolibrary.org/obo/FOODON_03412972
KNSR2592_2,1,http://purl.obolibrary.org/obo/FOODON_03302056
KNSR2592_2,2,http://purl.obolibrary.org/obo/FOODON_00001992
KNSR2592_2,3,http://purl.obolibrary.org/obo/FOODON_03541213
KNSR2592_3,0,http://purl.obolibrary.org/obo/CHEBI_33709
KNSR2592_3,1,http://purl.obolibrary.org/obo/FOODON_03530195
KNSR2592_3,2,NIL
KNSR2592_3,3,http://purl.obolibrary.org/obo/FOODON_03530195
KNSR2592_3,4,NIL
KNSR2592_3,5,NIL
KNSR2592_3,6,NIL
KNSR2592_4,0,http://purl.obolibrary.org/obo/FOODON_03412972
KNSR2592_4,1,http://purl.obolibrary.org/obo/FOODON_03412972
KNSR2592_4,2,http://purl.obolibrary.org/obo/FOODON_03311664
KNSR2592_4,3,http://purl.obolibrary.org/obo/FOODON_03401249
KNSR2592_5,0,http://purl.obolibrary.org/obo/FOODON_03470107
KNSR2592_5,1,http://purl.obolibrary.org/obo/FOODON_00003738
KNSR2592_5,2,http://purl.obolibrary.org/obo/FOODON_00001992
KNSR2592_5,3,http://purl.obolibrary.org/obo/FOODON_03541213
KNSR2592_6,0,http://purl.obolibrary.org/obo/FOODON_03544473
KNSR2592_6,1,http://purl.obolibrary.org/obo/NCBITaxon_1760
KNSR2592_7,0,http://purl.obolibrary.org/obo/FOODON_03541213
KNSR2592_7,1,http://purl.obolibrary.org/obo/IAO_0000032
KNSR2592_7,2,http://purl.obolibrary.org/obo/FOODON_03316242
KNSR2592_7,3,http://purl.obolibrary.org/obo/FOODON_03400871
KNSR2592_7,4,NIL
KNSR2592_7,5,http://purl.obolibrary.org/obo/UO_1000173
KNSR2592_7,6,http://purl.obolibrary.org/obo/FOODON_00001140
KNSR2592_8,0,http://purl.obolibrary.org/obo/FOODON_03541213
KNSR2592_8,1,http://purl.obolibrary.org/obo/GAZ_00000586
KNSR2592_8,2,http://purl.obolibrary.org/obo/FOODON_03520352
KNSR2592_8,3,NIL
KNSR2592_9,0,http://purl.obolibrary.org/obo/FOODON_03541213
KNSR2592_9,1,http://purl.obolibrary.org/obo/FOODON_03400871
KNSR2592_9,2,http://purl.obolibrary.org/obo/FOODON_00002026
KNSR2592_9,3,http://purl.obolibrary.org/obo/FOODON_03542595
KNSR2592_9,4,NIL
KNSR2592_9,5,http://purl.obolibrary.org/obo/FOODON_00002403
KNSR2594_1,0,http://purl.obolibrary.org/obo/PO_0030111
KNSR2594_1,1,http://purl.obolibrary.org/obo/FOODON_00002001
KNSR2594_1,2,http://purl.obolibrary.org/obo/NCBITaxon_3712
KNSR2594_1,3,http://purl.obolibrary.org/obo/NCBITaxon_4011
KNSR2594_1,4,http://purl.obolibrary.org/obo/PO_0025496
KNSR2594_1,5,http://purl.obolibrary.org/obo/FOODON_03530155
KNSR2594_1,6,http://purl.obolibrary.org/obo/FOODON_03530155
KNSR2594_1,7,NIL
KNSR2594_1,8,NIL
KNSR2594_1,9,NIL
KNSR2594_1,10,NIL
KNSR2594_1,11,NIL
KNSR2594_1,12,NIL
KNSR2594_1,13,NIL
KNSR2594_2,0,http://purl.obolibrary.org/obo/FOODON_00002271
KNSR2594_2,1,http://purl.obolibrary.org/obo/FOODON_03542115
KNSR2594_2,2,http://purl.obolibrary.org/obo/NCBITaxon_3712
KNSR2594_2,3,http://purl.obolibrary.org/obo/PO_0025004
KNSR2594_2,4,NIL
KNSR2594_2,5,http://purl.obolibrary.org/obo/FOODON_03541150
KNSR2594_2,6,NIL
KNSR2594_2,7,NIL
KNSR2594_2,8,NIL
KNSR2594_2,9,NIL
KNSR2594_2,10,NIL
KNSR2594_2,11,NIL
KNSR2594_2,12,http://purl.obolibrary.org/obo/FOODON_03400659
KNSR2594_3,0,http://purl.obolibrary.org/obo/PO_0030111
KNSR2594_3,1,http://purl.obolibrary.org/obo/ONS_1000059
KNSR2594_3,2,http://purl.obolibrary.org/obo/ONS_1000059
KNSR2594_3,3,http://purl.obolibrary.org/obo/ONS_1000059
KNSR2594_3,4,http://purl.obolibrary.org/obo/CHEBI_23042
KNSR2594_3,5,http://purl.obolibrary.org/obo/CHEBI_23042
KNSR2594_3,6,NIL
KNSR2594_3,7,http://purl.obolibrary.org/obo/FOODON_03530155
KNSR2594_3,8,http://purl.obolibrary.org/obo/FOODON_03530155
KNSR2594_3,9,NIL
KNSR2594_3,10,http://purl.obolibrary.org/obo/FOODON_03530155
KNSR2594_3,11,http://purl.obolibrary.org/obo/FOODON_03530155
KNSR2594_3,12,NIL
KNSR2594_3,13,http://purl.obolibrary.org/obo/FOODON_03601005
KNSR2594_3,14,NIL
KNSR2594_3,15,NIL
KNSR2594_4,0,http://purl.obolibrary.org/obo/FOODON_03413391
KNSR2594_4,1,http://purl.obolibrary.org/obo/ONS_1000059
KNSR2594_4,2,http://purl.obolibrary.org/obo/ONS_1000059
KNSR2594_4,3,http://purl.obolibrary.org/obo/ONS_1000059
KNSR2594_4,4,http://purl.obolibrary.org/obo/CHEBI_15948
KNSR2594_4,5,http://purl.obolibrary.org/obo/CHEBI_15948
KNSR2594_4,6,NIL
KNSR2594_4,7,http://purl.obolibrary.org/obo/CHEBI_28838
KNSR2594_4,8,NIL
KNSR2594_4,9,NIL
KNSR2594_4,10,http://purl.obolibrary.org/obo/CHEBI_27547
KNSR2594_4,11,http://purl.obolibrary.org/obo/CHEBI_27547
KNSR2594_4,12,NIL
KNSR2594_4,13,http://purl.obolibrary.org/obo/CHEBI_25501
KNSR2594_4,14,http://purl.obolibrary.org/obo/CHEBI_25501
KNSR2594_4,15,NIL
KNSR2594_4,16,http://purl.obolibrary.org/obo/CHEBI_27295
KNSR2594_4,17,http://purl.obolibrary.org/obo/CHEBI_27295
KNSR2594_4,18,NIL
KNSR2537_1,0,http://purl.obolibrary.org/obo/CHEBI_23367
KNSR2537_1,1,http://purl.obolibrary.org/obo/UO_0000190
KNSR2537_2,0,http://purl.obolibrary.org/obo/FOODON_03412972
KNSR2537_2,1,http://purl.obolibrary.org/obo/FOODON_00002634
KNSR2537_2,2,http://purl.obolibrary.org/obo/FOODON_00001874
KNSR2537_2,3,http://purl.obolibrary.org/obo/FOODON_03412922
KNSR2537_2,4,NIL
KNSR2537_2,5,http://purl.obolibrary.org/obo/FOODON_00001677
KNSR2537_2,6,http://purl.obolibrary.org/obo/FOODON_03400659
KNSR2537_3,0,http://purl.obolibrary.org/obo/FOODON_00001677
KNSR2537_3,1,http://purl.obolibrary.org/obo/FOODON_03540025
KNSR2537_3,2,http://purl.obolibrary.org/obo/CHEBI_17015
KNSR2537_3,3,NIL
KNSR2537_3,4,NIL
KNSR2537_4,0,http://purl.obolibrary.org/obo/FOODON_00002041
KNSR2537_4,1,http://purl.obolibrary.org/obo/FOODON_03460181
KNSR2537_4,2,http://purl.obolibrary.org/obo/FOODON_03460181
KNSR2537_4,3,http://purl.obolibrary.org/obo/CHEBI_17015
KNSR2537_4,4,NIL
KNSR2537_4,5,NIL
KNSR2537_4,6,NIL
KNSR2537_5,0,http://purl.obolibrary.org/obo/FOODON_00002269
KNSR2537_5,1,http://purl.obolibrary.org/obo/IAO_0000032
KNSR2537_5,2,http://purl.obolibrary.org/obo/FOODON_03530260
KNSR2537_5,3,NIL
KNSR2537_5,4,http://purl.obolibrary.org/obo/BFO_0000141
KNSR2537_5,5,http://purl.obolibrary.org/obo/IAO_0000032
KNSR2538_1,0,http://purl.obolibrary.org/obo/FOODON_03411179
KNSR2538_1,1,http://purl.obolibrary.org/obo/FOODON_03414559
KNSR2538_1,2,http://purl.obolibrary.org/obo/FOODON_03411179
KNSR2538_1,3,http://purl.obolibrary.org/obo/FOODON_00001938
KNSR2538_1,4,http://purl.obolibrary.org/obo/STATO_0000502
KNSR2538_2,0,http://purl.obolibrary.org/obo/ENVO_01000658
KNSR2538_2,1,http://purl.obolibrary.org/obo/OBI_0200170
KNSR2538_2,2,http://purl.obolibrary.org/obo/UO_0000196
KNSR2538_2,3,http://purl.obolibrary.org/obo/UO_0000196
KNSR2538_2,4,http://purl.obolibrary.org/obo/FOODON_03401221
KNSR2538_2,5,http://purl.obolibrary.org/obo/FOODON_03413232
KNSR2538_2,6,http://purl.obolibrary.org/obo/CHEBI_3311
KNSR2538_2,7,http://purl.obolibrary.org/obo/FOODON_00001850
KNSR2538_2,8,http://purl.obolibrary.org/obo/ENVO_01000001
KNSR2538_3,0,http://purl.obolibrary.org/obo/ENVO_01000658
KNSR2538_3,1,http://purl.obolibrary.org/obo/OBI_0200170
KNSR2538_3,2,http://purl.obolibrary.org/obo/FOODON_03543794
KNSR2538_3,3,NIL
KNSR2538_3,4,NIL
KNSR2538_3,5,NIL
KNSR2538_3,6,NIL
KNSR2538_3,7,NIL
KNSR2538_3,8,NIL
KNSR2538_4,0,http://purl.obolibrary.org/obo/ENVO_01000658
KNSR2538_4,1,http://purl.obolibrary.org/obo/OBI_0200170
KNSR2538_4,2,http://purl.obolibrary.org/obo/CDNO_0000003
KNSR2538_4,3,http://purl.obolibrary.org/obo/CDNO_0000003
KNSR2538_4,4,NIL
KNSR2538_4,5,NIL
KNSR2538_4,6,NIL
KNSR2538_4,7,NIL
KNSR2538_4,8,NIL
KNSR2539_1,0,http://purl.obolibrary.org/obo/FOODON_00001959
KNSR2539_1,1,http://purl.obolibrary.org/obo/FOODON_03400315
KNSR2539_1,2,http://purl.obolibrary.org/obo/FOODON_00003339
KNSR2539_1,3,NIL
KNSR2539_1,4,http://purl.obolibrary.org/obo/AGRO_00002071
KNSR2539_2,0,http://purl.obolibrary.org/obo/IAO_0000032
KNSR2539_2,1,http://purl.obolibrary.org/obo/FOODON_03400315
KNSR2539_2,2,http://purl.obolibrary.org/obo/FOODON_03400315
KNSR2539_2,3,http://purl.obolibrary.org/obo/FOODON_03400315
KNSR2539_2,4,http://purl.obolibrary.org/obo/FOODON_03400315
KNSR2539_2,5,http://purl.obolibrary.org/obo/FOODON_03400315
KNSR2539_2,6,http://purl.obolibrary.org/obo/FOODON_03400315
KNSR2539_2,7,http://purl.obolibrary.org/obo/FOODON_03400315
KNSR2539_2,8,http://purl.obolibrary.org/obo/FOODON_03400315
KNSR2539_3,0,http://purl.obolibrary.org/obo/FOODON_00003834
KNSR2539_3,1,http://purl.obolibrary.org/obo/AGRO_00002071
KNSR2539_3,2,http://purl.obolibrary.org/obo/FOODON_03530260
KNSR2539_3,3,http://purl.obolibrary.org/obo/IAO_0000100
KNSR2539_3,4,http://purl.obolibrary.org/obo/IAO_0000100
KNSR2539_3,5,NIL
KNSR2539_3,6,http://purl.obolibrary.org/obo/IAO_0000100
KNSR2539_3,7,http://purl.obolibrary.org/obo/IAO_0000100
KNSR2539_3,8,NIL
KNSR2539_4,0,http://purl.obolibrary.org/obo/FOODON_03412972
KNSR2539_4,1,http://purl.obolibrary.org/obo/FOODON_03470143
KNSR2543_1,0,http://purl.obolibrary.org/obo/FOODON_03530221
KNSR2543_1,1,http://purl.obolibrary.org/obo/FOODON_03470182
KNSR2543_1,2,http://purl.obolibrary.org/obo/PATO_0000033
KNSR2543_1,3,http://purl.obolibrary.org/obo/FOODON_03460295
KNSR2544_1,0,http://purl.obolibrary.org/obo/FOODON_03411555
KNSR2544_1,1,http://purl.obolibrary.org/obo/FOODON_03530237
KNSR2544_1,2,NIL
KNSR2544_1,3,http://purl.obolibrary.org/obo/FOODON_03400706
KNSR2544_1,4,NIL
KNSR2544_1,5,http://purl.obolibrary.org/obo/FOODON_03400713
KNSR2544_1,6,NIL
KNSR2544_1,7,http://purl.obolibrary.org/obo/FOODON_03530203
KNSR2544_1,8,NIL
KNSR2544_1,9,http://purl.obolibrary.org/obo/FOODON_03460234
KNSR2544_1,10,NIL
KNSR2544_1,11,http://purl.obolibrary.org/obo/OBI_0000679
KNSR2544_1,12,NIL
KNSR2544_2,0,http://purl.obolibrary.org/obo/PATO_0000014
KNSR2544_2,1,http://purl.obolibrary.org/obo/FOODON_03530237
KNSR2544_2,2,NIL
KNSR2544_2,3,http://purl.obolibrary.org/obo/FOODON_03400706
KNSR2544_2,4,NIL
KNSR2544_2,5,http://purl.obolibrary.org/obo/FOODON_03400713
KNSR2544_2,6,NIL
KNSR2544_2,7,http://purl.obolibrary.org/obo/FOODON_03530203
KNSR2544_2,8,NIL
KNSR2544_2,9,http://purl.obolibrary.org/obo/FOODON_03460234
KNSR2544_2,10,NIL
KNSR2544_2,11,http://purl.obolibrary.org/obo/OBI_0000679
KNSR2544_2,12,NIL
KNSR2544_3,0,http://purl.obolibrary.org/obo/IAO_0000027
KNSR2544_3,1,http://purl.obolibrary.org/obo/FOODON_03530237
KNSR2544_3,2,NIL
KNSR2544_3,3,http://purl.obolibrary.org/obo/FOODON_03400706
KNSR2544_3,4,NIL
KNSR2544_3,5,http://purl.obolibrary.org/obo/FOODON_03400713
KNSR2544_3,6,NIL
KNSR2544_3,7,http://purl.obolibrary.org/obo/FOODON_03530203
KNSR2544_3,8,NIL
KNSR2544_3,9,http://purl.obolibrary.org/obo/FOODON_03460234
KNSR2544_3,10,NIL
KNSR2544_3,11,http://purl.obolibrary.org/obo/CHEBI_15956
KNSR2544_3,12,NIL
KNSR2544_4,0,http://purl.obolibrary.org/obo/FOODON_03411555
KNSR2544_4,1,http://purl.obolibrary.org/obo/FOODON_03530237
KNSR2544_4,2,NIL
KNSR2544_4,3,http://purl.obolibrary.org/obo/FOODON_03400706
KNSR2544_4,4,NIL
KNSR2544_4,5,http://purl.obolibrary.org/obo/FOODON_03400713
KNSR2544_4,6,NIL
KNSR2544_4,7,http://purl.obolibrary.org/obo/FOODON_03530203
KNSR2544_4,8,NIL
KNSR2544_4,9,http://purl.obolibrary.org/obo/FOODON_03460234
KNSR2544_4,10,NIL
KNSR2544_4,11,http://purl.obolibrary.org/obo/OBI_0000679
KNSR2544_4,12,NIL
